Start Date,End Date,Visitor/Neutral,Home/Neutral
2009-10-27,2009-10-29,Boston Celtics,Cleveland Cavaliers
2009-10-27,2009-10-29,Washington Wizards,Dallas Mavericks
2009-10-27,2009-10-29,Houston Rockets,Portland Trail Blazers
2009-10-27,2009-10-29,Los Angeles Clippers,Los Angeles Lakers
2009-10-28,2009-10-30,Indiana Pacers,Atlanta Hawks
2009-10-28,2009-10-30,Cleveland Cavaliers,Toronto Raptors
2009-10-28,2009-10-30,Philadelphia 76ers,Orlando Magic
2009-10-28,2009-10-30,Charlotte Bobcats,Boston Celtics
2009-10-28,2009-10-30,New York Knicks,Miami Heat
2009-10-28,2009-10-30,Sacramento Kings,Oklahoma City Thunder
2009-10-28,2009-10-30,New Orleans Hornets,San Antonio Spurs
2009-10-28,2009-10-30,New Jersey Nets,Minnesota Timberwolves
2009-10-28,2009-10-30,Detroit Pistons,Memphis Grizzlies
2009-10-28,2009-10-30,Phoenix Suns,Los Angeles Clippers
2009-10-28,2009-10-30,Houston Rockets,Golden State Warriors
2009-10-28,2009-10-30,Utah Jazz,Denver Nuggets
2009-10-29,2009-10-31,San Antonio Spurs,Chicago Bulls
2009-10-29,2009-10-31,Denver Nuggets,Portland Trail Blazers
2009-10-30,2009-11-1,New York Knicks,Charlotte Bobcats
2009-10-30,2009-11-1,Milwaukee Bucks,Philadelphia 76ers
2009-10-30,2009-11-1,Washington Wizards,Atlanta Hawks
2009-10-30,2009-11-1,Chicago Bulls,Boston Celtics
2009-10-30,2009-11-1,Sacramento Kings,New Orleans Hornets
2009-10-30,2009-11-1,Orlando Magic,New Jersey Nets
2009-10-30,2009-11-1,Cleveland Cavaliers,Minnesota Timberwolves
2009-10-30,2009-11-1,Toronto Raptors,Memphis Grizzlies
2009-10-30,2009-11-1,Miami Heat,Indiana Pacers
2009-10-30,2009-11-1,Oklahoma City Thunder,Detroit Pistons
2009-10-30,2009-11-1,Los Angeles Clippers,Utah Jazz
2009-10-30,2009-11-1,Golden State Warriors,Phoenix Suns
2009-10-30,2009-11-1,Dallas Mavericks,Los Angeles Lakers
2009-10-31,2009-11-2,New Jersey Nets,Washington Wizards
2009-10-31,2009-11-2,Charlotte Bobcats,Cleveland Cavaliers
2009-10-31,2009-11-2,Philadelphia 76ers,New York Knicks
2009-10-31,2009-11-2,Portland Trail Blazers,Houston Rockets
2009-10-31,2009-11-2,Detroit Pistons,Milwaukee Bucks
2009-10-31,2009-11-2,Sacramento Kings,San Antonio Spurs
2009-10-31,2009-11-2,Dallas Mavericks,Los Angeles Clippers
2009-11-1,2009-11-3,Orlando Magic,Toronto Raptors
2009-11-1,2009-11-3,New Orleans Hornets,Boston Celtics
2009-11-1,2009-11-3,Chicago Bulls,Miami Heat
2009-11-1,2009-11-3,Portland Trail Blazers,Oklahoma City Thunder
2009-11-1,2009-11-3,Memphis Grizzlies,Denver Nuggets
2009-11-1,2009-11-3,Minnesota Timberwolves,Phoenix Suns
2009-11-1,2009-11-3,Atlanta Hawks,Los Angeles Lakers
2009-11-2,2009-11-4,New Jersey Nets,Charlotte Bobcats
2009-11-2,2009-11-4,New Orleans Hornets,New York Knicks
2009-11-2,2009-11-4,Houston Rockets,Utah Jazz
2009-11-2,2009-11-4,Memphis Grizzlies,Sacramento Kings
2009-11-2,2009-11-4,Minnesota Timberwolves,Los Angeles Clippers
2009-11-3,2009-11-5,Washington Wizards,Cleveland Cavaliers
2009-11-3,2009-11-5,Denver Nuggets,Indiana Pacers
2009-11-3,2009-11-5,Boston Celtics,Philadelphia 76ers
2009-11-3,2009-11-5,Orlando Magic,Detroit Pistons
2009-11-3,2009-11-5,Phoenix Suns,Miami Heat
2009-11-3,2009-11-5,Milwaukee Bucks,Chicago Bulls
2009-11-3,2009-11-5,Los Angeles Lakers,Oklahoma City Thunder
2009-11-3,2009-11-5,Utah Jazz,Dallas Mavericks
2009-11-3,2009-11-5,Atlanta Hawks,Portland Trail Blazers
2009-11-4,2009-11-6,Phoenix Suns,Orlando Magic
2009-11-4,2009-11-6,Detroit Pistons,Toronto Raptors
2009-11-4,2009-11-6,Miami Heat,Washington Wizards
2009-11-4,2009-11-6,Denver Nuggets,New Jersey Nets
2009-11-4,2009-11-6,Indiana Pacers,New York Knicks
2009-11-4,2009-11-6,Boston Celtics,Minnesota Timberwolves
2009-11-4,2009-11-6,Los Angeles Lakers,Houston Rockets
2009-11-4,2009-11-6,Dallas Mavericks,New Orleans Hornets
2009-11-4,2009-11-6,Atlanta Hawks,Sacramento Kings
2009-11-4,2009-11-6,Memphis Grizzlies,Golden State Warriors
2009-11-5,2009-11-7,Chicago Bulls,Cleveland Cavaliers
2009-11-5,2009-11-7,San Antonio Spurs,Utah Jazz
2009-11-6,2009-11-8,Atlanta Hawks,Charlotte Bobcats
2009-11-6,2009-11-8,Washington Wizards,Indiana Pacers
2009-11-6,2009-11-8,Detroit Pistons,Orlando Magic
2009-11-6,2009-11-8,New Jersey Nets,Philadelphia 76ers
2009-11-6,2009-11-8,Phoenix Suns,Boston Celtics
2009-11-6,2009-11-8,Denver Nuggets,Miami Heat
2009-11-6,2009-11-8,Milwaukee Bucks,Minnesota Timberwolves
2009-11-6,2009-11-8,Toronto Raptors,New Orleans Hornets
2009-11-6,2009-11-8,Cleveland Cavaliers,New York Knicks
2009-11-6,2009-11-8,Oklahoma City Thunder,Houston Rockets
2009-11-6,2009-11-8,Los Angeles Clippers,Golden State Warriors
2009-11-6,2009-11-8,Memphis Grizzlies,Los Angeles Lakers
2009-11-6,2009-11-8,San Antonio Spurs,Portland Trail Blazers
2009-11-7,2009-11-9,Denver Nuggets,Atlanta Hawks
2009-11-7,2009-11-9,Boston Celtics,New Jersey Nets
2009-11-7,2009-11-9,Charlotte Bobcats,Chicago Bulls
2009-11-7,2009-11-9,Toronto Raptors,Dallas Mavericks
2009-11-7,2009-11-9,New York Knicks,Milwaukee Bucks
2009-11-7,2009-11-9,Sacramento Kings,Utah Jazz
2009-11-7,2009-11-9,Memphis Grizzlies,Los Angeles Clippers
2009-11-8,2009-11-10,Philadelphia 76ers,Detroit Pistons
2009-11-8,2009-11-10,Phoenix Suns,Washington Wizards
2009-11-8,2009-11-10,Orlando Magic,Oklahoma City Thunder
2009-11-8,2009-11-10,Minnesota Timberwolves,Portland Trail Blazers
2009-11-8,2009-11-10,Golden State Warriors,Sacramento Kings
2009-11-8,2009-11-10,New Orleans Hornets,Los Angeles Lakers
2009-11-9,2009-11-11,Phoenix Suns,Philadelphia 76ers
2009-11-9,2009-11-11,Utah Jazz,New York Knicks
2009-11-9,2009-11-11,Toronto Raptors,San Antonio Spurs
2009-11-9,2009-11-11,Minnesota Timberwolves,Golden State Warriors
2009-11-9,2009-11-11,New Orleans Hornets,Los Angeles Clippers
2009-11-10,2009-11-12,Orlando Magic,Charlotte Bobcats
2009-11-10,2009-11-12,Washington Wizards,Miami Heat
2009-11-10,2009-11-12,Denver Nuggets,Chicago Bulls
2009-11-10,2009-11-12,Portland Trail Blazers,Memphis Grizzlies
2009-11-10,2009-11-12,Houston Rockets,Dallas Mavericks
2009-11-10,2009-11-12,Oklahoma City Thunder,Sacramento Kings
2009-11-11,2009-11-13,Golden State Warriors,Indiana Pacers
2009-11-11,2009-11-13,Chicago Bulls,Toronto Raptors
2009-11-11,2009-11-13,Utah Jazz,Boston Celtics
2009-11-11,2009-11-13,Charlotte Bobcats,Detroit Pistons
2009-11-11,2009-11-13,Philadelphia 76ers,New Jersey Nets
2009-11-11,2009-11-13,Atlanta Hawks,New York Knicks
2009-11-11,2009-11-13,Denver Nuggets,Milwaukee Bucks
2009-11-11,2009-11-13,Portland Trail Blazers,Minnesota Timberwolves
2009-11-11,2009-11-13,Cleveland Cavaliers,Orlando Magic
2009-11-11,2009-11-13,Memphis Grizzlies,Houston Rockets
2009-11-11,2009-11-13,Dallas Mavericks,San Antonio Spurs
2009-11-11,2009-11-13,Oklahoma City Thunder,Los Angeles Clippers
2009-11-11,2009-11-13,New Orleans Hornets,Phoenix Suns
2009-11-12,2009-11-14,Cleveland Cavaliers,Miami Heat
2009-11-12,2009-11-14,Phoenix Suns,Los Angeles Lakers
2009-11-13,2009-11-15,New Jersey Nets,Orlando Magic
2009-11-13,2009-11-15,Utah Jazz,Philadelphia 76ers
2009-11-13,2009-11-15,Golden State Warriors,New York Knicks
2009-11-13,2009-11-15,Atlanta Hawks,Boston Celtics
2009-11-13,2009-11-15,Dallas Mavericks,Minnesota Timberwolves
2009-11-13,2009-11-15,Portland Trail Blazers,New Orleans Hornets
2009-11-13,2009-11-15,Houston Rockets,Sacramento Kings
2009-11-13,2009-11-15,Los Angeles Lakers,Denver Nuggets
2009-11-13,2009-11-15,Toronto Raptors,Los Angeles Clippers
2009-11-14,2009-11-16,New Orleans Hornets,Atlanta Hawks
2009-11-14,2009-11-16,Portland Trail Blazers,Charlotte Bobcats
2009-11-14,2009-11-16,Boston Celtics,Indiana Pacers
2009-11-14,2009-11-16,Detroit Pistons,Washington Wizards
2009-11-14,2009-11-16,Utah Jazz,Cleveland Cavaliers
2009-11-14,2009-11-16,New Jersey Nets,Miami Heat
2009-11-14,2009-11-16,Philadelphia 76ers,Chicago Bulls
2009-11-14,2009-11-16,Minnesota Timberwolves,Memphis Grizzlies
2009-11-14,2009-11-16,Golden State Warriors,Milwaukee Bucks
2009-11-14,2009-11-16,Oklahoma City Thunder,San Antonio Spurs
2009-11-15,2009-11-17,Dallas Mavericks,Detroit Pistons
2009-11-15,2009-11-17,Los Angeles Clippers,Oklahoma City Thunder
2009-11-15,2009-11-17,Toronto Raptors,Phoenix Suns
2009-11-15,2009-11-17,Houston Rockets,Los Angeles Lakers
2009-11-16,2009-11-18,Portland Trail Blazers,Atlanta Hawks
2009-11-16,2009-11-18,Charlotte Bobcats,Orlando Magic
2009-11-16,2009-11-18,Dallas Mavericks,Milwaukee Bucks
2009-11-17,2009-11-19,Golden State Warriors,Cleveland Cavaliers
2009-11-17,2009-11-19,Oklahoma City Thunder,Miami Heat
2009-11-17,2009-11-19,Indiana Pacers,New Jersey Nets
2009-11-17,2009-11-19,Los Angeles Clippers,New Orleans Hornets
2009-11-17,2009-11-19,Phoenix Suns,Houston Rockets
2009-11-17,2009-11-19,Toronto Raptors,Denver Nuggets
2009-11-17,2009-11-19,Chicago Bulls,Sacramento Kings
2009-11-17,2009-11-19,Detroit Pistons,Los Angeles Lakers
2009-11-18,2009-11-20,Miami Heat,Atlanta Hawks
2009-11-18,2009-11-20,New York Knicks,Indiana Pacers
2009-11-18,2009-11-20,Oklahoma City Thunder,Orlando Magic
2009-11-18,2009-11-20,Charlotte Bobcats,Philadelphia 76ers
2009-11-18,2009-11-20,Cleveland Cavaliers,Washington Wizards
2009-11-18,2009-11-20,Golden State Warriors,Boston Celtics
2009-11-18,2009-11-20,Los Angeles Clippers,Memphis Grizzlies
2009-11-18,2009-11-20,New Jersey Nets,Milwaukee Bucks
2009-11-18,2009-11-20,Houston Rockets,Minnesota Timberwolves
2009-11-18,2009-11-20,Toronto Raptors,Utah Jazz
2009-11-18,2009-11-20,San Antonio Spurs,Dallas Mavericks
2009-11-18,2009-11-20,Detroit Pistons,Portland Trail Blazers
2009-11-19,2009-11-21,Phoenix Suns,New Orleans Hornets
2009-11-19,2009-11-21,Utah Jazz,San Antonio Spurs
2009-11-19,2009-11-21,Chicago Bulls,Los Angeles Lakers
2009-11-20,2009-11-22,Cleveland Cavaliers,Indiana Pacers
2009-11-20,2009-11-22,Memphis Grizzlies,Philadelphia 76ers
2009-11-20,2009-11-22,Miami Heat,Toronto Raptors
2009-11-20,2009-11-22,Houston Rockets,Atlanta Hawks
2009-11-20,2009-11-22,Orlando Magic,Boston Celtics
2009-11-20,2009-11-22,Washington Wizards,Oklahoma City Thunder
2009-11-20,2009-11-22,Sacramento Kings,Dallas Mavericks
2009-11-20,2009-11-22,Charlotte Bobcats,Milwaukee Bucks
2009-11-20,2009-11-22,Portland Trail Blazers,Golden State Warriors
2009-11-20,2009-11-22,Denver Nuggets,Los Angeles Clippers
2009-11-21,2009-11-23,New York Knicks,New Jersey Nets
2009-11-21,2009-11-23,Philadelphia 76ers,Cleveland Cavaliers
2009-11-21,2009-11-23,Milwaukee Bucks,Memphis Grizzlies
2009-11-21,2009-11-23,Atlanta Hawks,New Orleans Hornets
2009-11-21,2009-11-23,Sacramento Kings,Houston Rockets
2009-11-21,2009-11-23,Washington Wizards,San Antonio Spurs
2009-11-21,2009-11-23,Chicago Bulls,Denver Nuggets
2009-11-21,2009-11-23,Detroit Pistons,Utah Jazz
2009-11-21,2009-11-23,Minnesota Timberwolves,Portland Trail Blazers
2009-11-22,2009-11-24,Orlando Magic,Toronto Raptors
2009-11-22,2009-11-24,Boston Celtics,New York Knicks
2009-11-22,2009-11-24,Indiana Pacers,Charlotte Bobcats
2009-11-22,2009-11-24,New Orleans Hornets,Miami Heat
2009-11-22,2009-11-24,Detroit Pistons,Phoenix Suns
2009-11-22,2009-11-24,Oklahoma City Thunder,Los Angeles Lakers
2009-11-23,2009-11-25,Sacramento Kings,Memphis Grizzlies
2009-11-23,2009-11-25,Milwaukee Bucks,San Antonio Spurs
2009-11-23,2009-11-25,Chicago Bulls,Portland Trail Blazers
2009-11-23,2009-11-25,Minnesota Timberwolves,Los Angeles Clippers
2009-11-24,2009-11-26,Indiana Pacers,Toronto Raptors
2009-11-24,2009-11-26,Philadelphia 76ers,Washington Wizards
2009-11-24,2009-11-26,Golden State Warriors,Dallas Mavericks
2009-11-24,2009-11-26,New Jersey Nets,Denver Nuggets
2009-11-24,2009-11-26,Oklahoma City Thunder,Utah Jazz
2009-11-24,2009-11-26,New York Knicks,Los Angeles Lakers
2009-11-25,2009-11-27,Toronto Raptors,Charlotte Bobcats
2009-11-25,2009-11-27,Los Angeles Clippers,Indiana Pacers
2009-11-25,2009-11-27,Philadelphia 76ers,Boston Celtics
2009-11-25,2009-11-27,Miami Heat,Orlando Magic
2009-11-25,2009-11-27,Cleveland Cavaliers,Detroit Pistons
2009-11-25,2009-11-27,Denver Nuggets,Minnesota Timberwolves
2009-11-25,2009-11-27,Milwaukee Bucks,New Orleans Hornets
2009-11-25,2009-11-27,Dallas Mavericks,Houston Rockets
2009-11-25,2009-11-27,Golden State Warriors,San Antonio Spurs
2009-11-25,2009-11-27,Memphis Grizzlies,Phoenix Suns
2009-11-25,2009-11-27,New Jersey Nets,Portland Trail Blazers
2009-11-25,2009-11-27,New York Knicks,Sacramento Kings
2009-11-26,2009-11-28,Orlando Magic,Atlanta Hawks
2009-11-26,2009-11-28,Chicago Bulls,Utah Jazz
2009-11-27,2009-11-29,Cleveland Cavaliers,Charlotte Bobcats
2009-11-27,2009-11-29,Washington Wizards,Miami Heat
2009-11-27,2009-11-29,Toronto Raptors,Boston Celtics
2009-11-27,2009-11-29,Atlanta Hawks,Philadelphia 76ers
2009-11-27,2009-11-29,Los Angeles Clippers,Detroit Pistons
2009-11-27,2009-11-29,Dallas Mavericks,Indiana Pacers
2009-11-27,2009-11-29,San Antonio Spurs,Houston Rockets
2009-11-27,2009-11-29,New York Knicks,Denver Nuggets
2009-11-27,2009-11-29,Phoenix Suns,Minnesota Timberwolves
2009-11-27,2009-11-29,Milwaukee Bucks,Oklahoma City Thunder
2009-11-27,2009-11-29,Memphis Grizzlies,Portland Trail Blazers
2009-11-27,2009-11-29,New Jersey Nets,Sacramento Kings
2009-11-28,2009-11-30,Charlotte Bobcats,Washington Wizards
2009-11-28,2009-11-30,Dallas Mavericks,Cleveland Cavaliers
2009-11-28,2009-11-30,Orlando Magic,Milwaukee Bucks
2009-11-28,2009-11-30,Portland Trail Blazers,Utah Jazz
2009-11-28,2009-11-30,Los Angeles Lakers,Golden State Warriors
2009-11-29,2009-12-1,Atlanta Hawks,Detroit Pistons
2009-11-29,2009-12-1,Phoenix Suns,Toronto Raptors
2009-11-29,2009-12-1,Memphis Grizzlies,Los Angeles Clippers
2009-11-29,2009-12-1,Boston Celtics,Miami Heat
2009-11-29,2009-12-1,Orlando Magic,New York Knicks
2009-11-29,2009-12-1,Houston Rockets,Oklahoma City Thunder
2009-11-29,2009-12-1,Philadelphia 76ers,San Antonio Spurs
2009-11-29,2009-12-1,Minnesota Timberwolves,Denver Nuggets
2009-11-29,2009-12-1,New Orleans Hornets,Sacramento Kings
2009-11-29,2009-12-1,New Jersey Nets,Los Angeles Lakers
2009-11-30,2009-12-2,Chicago Bulls,Milwaukee Bucks
2009-11-30,2009-12-2,Philadelphia 76ers,Dallas Mavericks
2009-11-30,2009-12-2,Memphis Grizzlies,Utah Jazz
2009-11-30,2009-12-2,Indiana Pacers,Golden State Warriors
2009-12-1,2009-12-3,Boston Celtics,Charlotte Bobcats
2009-12-1,2009-12-3,Washington Wizards,Toronto Raptors
2009-12-1,2009-12-3,Phoenix Suns,New York Knicks
2009-12-1,2009-12-3,Golden State Warriors,Denver Nuggets
2009-12-1,2009-12-3,Miami Heat,Portland Trail Blazers
2009-12-1,2009-12-3,New Orleans Hornets,Los Angeles Lakers
2009-12-2,2009-12-4,Toronto Raptors,Atlanta Hawks
2009-12-2,2009-12-4,Phoenix Suns,Cleveland Cavaliers
2009-12-2,2009-12-4,New York Knicks,Orlando Magic
2009-12-2,2009-12-4,Milwaukee Bucks,Washington Wizards
2009-12-2,2009-12-4,Dallas Mavericks,New Jersey Nets
2009-12-2,2009-12-4,Detroit Pistons,Chicago Bulls
2009-12-2,2009-12-4,Memphis Grizzlies,Minnesota Timberwolves
2009-12-2,2009-12-4,Philadelphia 76ers,Oklahoma City Thunder
2009-12-2,2009-12-4,Indiana Pacers,Sacramento Kings
2009-12-2,2009-12-4,Houston Rockets,Los Angeles Clippers
2009-12-3,2009-12-5,Boston Celtics,San Antonio Spurs
2009-12-3,2009-12-5,Miami Heat,Denver Nuggets
2009-12-3,2009-12-5,Houston Rockets,Golden State Warriors
2009-12-4,2009-12-6,Toronto Raptors,Washington Wizards
2009-12-4,2009-12-6,New York Knicks,Atlanta Hawks
2009-12-4,2009-12-6,Chicago Bulls,Cleveland Cavaliers
2009-12-4,2009-12-6,Milwaukee Bucks,Detroit Pistons
2009-12-4,2009-12-6,Dallas Mavericks,Memphis Grizzlies
2009-12-4,2009-12-6,Charlotte Bobcats,New Jersey Nets
2009-12-4,2009-12-6,Minnesota Timberwolves,New Orleans Hornets
2009-12-4,2009-12-6,Boston Celtics,Oklahoma City Thunder
2009-12-4,2009-12-6,Indiana Pacers,Utah Jazz
2009-12-4,2009-12-6,Miami Heat,Los Angeles Lakers
2009-12-5,2009-12-7,Philadelphia 76ers,Charlotte Bobcats
2009-12-5,2009-12-7,Toronto Raptors,Chicago Bulls
2009-12-5,2009-12-7,Utah Jazz,Minnesota Timberwolves
2009-12-5,2009-12-7,Denver Nuggets,San Antonio Spurs
2009-12-5,2009-12-7,Atlanta Hawks,Dallas Mavericks
2009-12-5,2009-12-7,Sacramento Kings,Phoenix Suns
2009-12-5,2009-12-7,Houston Rockets,Portland Trail Blazers
2009-12-5,2009-12-7,Orlando Magic,Golden State Warriors
2009-12-5,2009-12-7,Indiana Pacers,Los Angeles Clippers
2009-12-6,2009-12-8,New Jersey Nets,New York Knicks
2009-12-6,2009-12-8,Cleveland Cavaliers,Milwaukee Bucks
2009-12-6,2009-12-8,Washington Wizards,Detroit Pistons
2009-12-6,2009-12-8,Miami Heat,Sacramento Kings
2009-12-6,2009-12-8,Phoenix Suns,Los Angeles Lakers
2009-12-7,2009-12-9,Denver Nuggets,Philadelphia 76ers
2009-12-7,2009-12-9,Portland Trail Blazers,New York Knicks
2009-12-7,2009-12-9,Golden State Warriors,Oklahoma City Thunder
2009-12-7,2009-12-9,San Antonio Spurs,Utah Jazz
2009-12-8,2009-12-10,Denver Nuggets,Charlotte Bobcats
2009-12-8,2009-12-10,Minnesota Timberwolves,Toronto Raptors
2009-12-8,2009-12-10,Milwaukee Bucks,Boston Celtics
2009-12-8,2009-12-10,New Jersey Nets,Chicago Bulls
2009-12-8,2009-12-10,Cleveland Cavaliers,Memphis Grizzlies
2009-12-8,2009-12-10,Sacramento Kings,New Orleans Hornets
2009-12-8,2009-12-10,Phoenix Suns,Dallas Mavericks
2009-12-8,2009-12-10,Orlando Magic,Los Angeles Clippers
2009-12-9,2009-12-11,Chicago Bulls,Atlanta Hawks
2009-12-9,2009-12-11,Portland Trail Blazers,Indiana Pacers
2009-12-9,2009-12-11,Detroit Pistons,Philadelphia 76ers
2009-12-9,2009-12-11,Golden State Warriors,New Jersey Nets
2009-12-9,2009-12-11,Toronto Raptors,Milwaukee Bucks
2009-12-9,2009-12-11,New Orleans Hornets,Minnesota Timberwolves
2009-12-9,2009-12-11,Cleveland Cavaliers,Houston Rockets
2009-12-9,2009-12-11,Sacramento Kings,San Antonio Spurs
2009-12-9,2009-12-11,Utah Jazz,Los Angeles Lakers
2009-12-10,2009-12-12,Denver Nuggets,Detroit Pistons
2009-12-10,2009-12-12,Boston Celtics,Washington Wizards
2009-12-10,2009-12-12,Orlando Magic,Utah Jazz
2009-12-11,2009-12-13,New Jersey Nets,Indiana Pacers
2009-12-11,2009-12-13,Houston Rockets,Philadelphia 76ers
2009-12-11,2009-12-13,Atlanta Hawks,Toronto Raptors
2009-12-11,2009-12-13,Dallas Mavericks,Miami Heat
2009-12-11,2009-12-13,Golden State Warriors,Chicago Bulls
2009-12-11,2009-12-13,Portland Trail Blazers,Cleveland Cavaliers
2009-12-11,2009-12-13,Oklahoma City Thunder,Memphis Grizzlies
2009-12-11,2009-12-13,New York Knicks,New Orleans Hornets
2009-12-11,2009-12-13,Charlotte Bobcats,San Antonio Spurs
2009-12-11,2009-12-13,Minnesota Timberwolves,Los Angeles Lakers
2009-12-11,2009-12-13,Orlando Magic,Phoenix Suns
2009-12-12,2009-12-14,Indiana Pacers,Washington Wizards
2009-12-12,2009-12-14,Golden State Warriors,Detroit Pistons
2009-12-12,2009-12-14,Boston Celtics,Chicago Bulls
2009-12-12,2009-12-14,Charlotte Bobcats,Dallas Mavericks
2009-12-12,2009-12-14,Portland Trail Blazers,Milwaukee Bucks
2009-12-12,2009-12-14,Phoenix Suns,Denver Nuggets
2009-12-12,2009-12-14,Los Angeles Lakers,Utah Jazz
2009-12-12,2009-12-14,Minnesota Timberwolves,Sacramento Kings
2009-12-13,2009-12-15,Houston Rockets,Toronto Raptors
2009-12-13,2009-12-15,New Jersey Nets,Atlanta Hawks
2009-12-13,2009-12-15,Memphis Grizzlies,Miami Heat
2009-12-13,2009-12-15,Cleveland Cavaliers,Oklahoma City Thunder
2009-12-13,2009-12-15,San Antonio Spurs,Los Angeles Clippers
2009-12-14,2009-12-16,Indiana Pacers,Orlando Magic
2009-12-14,2009-12-16,Golden State Warriors,Philadelphia 76ers
2009-12-14,2009-12-16,Boston Celtics,Memphis Grizzlies
2009-12-14,2009-12-16,New Orleans Hornets,Dallas Mavericks
2009-12-14,2009-12-16,Oklahoma City Thunder,Denver Nuggets
2009-12-14,2009-12-16,Minnesota Timberwolves,Utah Jazz
2009-12-14,2009-12-16,Washington Wizards,Los Angeles Clippers
2009-12-15,2009-12-17,New York Knicks,Charlotte Bobcats
2009-12-15,2009-12-17,New Jersey Nets,Cleveland Cavaliers
2009-12-15,2009-12-17,Toronto Raptors,Miami Heat
2009-12-15,2009-12-17,Los Angeles Lakers,Chicago Bulls
2009-12-15,2009-12-17,Detroit Pistons,Houston Rockets
2009-12-15,2009-12-17,San Antonio Spurs,Phoenix Suns
2009-12-15,2009-12-17,Sacramento Kings,Portland Trail Blazers
2009-12-16,2009-12-18,Memphis Grizzlies,Atlanta Hawks
2009-12-16,2009-12-18,Charlotte Bobcats,Indiana Pacers
2009-12-16,2009-12-18,Toronto Raptors,Orlando Magic
2009-12-16,2009-12-18,Cleveland Cavaliers,Philadelphia 76ers
2009-12-16,2009-12-18,Utah Jazz,New Jersey Nets
2009-12-16,2009-12-18,Los Angeles Lakers,Milwaukee Bucks
2009-12-16,2009-12-18,Los Angeles Clippers,Minnesota Timberwolves
2009-12-16,2009-12-18,Detroit Pistons,New Orleans Hornets
2009-12-16,2009-12-18,Dallas Mavericks,Oklahoma City Thunder
2009-12-16,2009-12-18,Houston Rockets,Denver Nuggets
2009-12-16,2009-12-18,San Antonio Spurs,Golden State Warriors
2009-12-16,2009-12-18,Washington Wizards,Sacramento Kings
2009-12-17,2009-12-19,New York Knicks,Chicago Bulls
2009-12-17,2009-12-19,Orlando Magic,Miami Heat
2009-12-17,2009-12-19,Phoenix Suns,Portland Trail Blazers
2009-12-18,2009-12-20,New Jersey Nets,Toronto Raptors
2009-12-18,2009-12-20,Utah Jazz,Atlanta Hawks
2009-12-18,2009-12-20,Philadelphia 76ers,Boston Celtics
2009-12-18,2009-12-20,Milwaukee Bucks,Cleveland Cavaliers
2009-12-18,2009-12-20,Indiana Pacers,Memphis Grizzlies
2009-12-18,2009-12-20,Sacramento Kings,Minnesota Timberwolves
2009-12-18,2009-12-20,Denver Nuggets,New Orleans Hornets
2009-12-18,2009-12-20,Los Angeles Clippers,New York Knicks
2009-12-18,2009-12-20,Detroit Pistons,Oklahoma City Thunder
2009-12-18,2009-12-20,Houston Rockets,Dallas Mavericks
2009-12-18,2009-12-20,Washington Wizards,Golden State Warriors
2009-12-19,2009-12-21,Utah Jazz,Charlotte Bobcats
2009-12-19,2009-12-21,Portland Trail Blazers,Orlando Magic
2009-12-19,2009-12-21,Los Angeles Clippers,Philadelphia 76ers
2009-12-19,2009-12-21,Atlanta Hawks,Chicago Bulls
2009-12-19,2009-12-21,Los Angeles Lakers,New Jersey Nets
2009-12-19,2009-12-21,Oklahoma City Thunder,Houston Rockets
2009-12-19,2009-12-21,Sacramento Kings,Milwaukee Bucks
2009-12-19,2009-12-21,Indiana Pacers,San Antonio Spurs
2009-12-19,2009-12-21,Washington Wizards,Phoenix Suns
2009-12-20,2009-12-22,New Orleans Hornets,Toronto Raptors
2009-12-20,2009-12-22,Denver Nuggets,Memphis Grizzlies
2009-12-20,2009-12-22,Minnesota Timberwolves,Boston Celtics
2009-12-20,2009-12-22,Los Angeles Lakers,Detroit Pistons
2009-12-20,2009-12-22,Portland Trail Blazers,Miami Heat
2009-12-20,2009-12-22,Cleveland Cavaliers,Dallas Mavericks
2009-12-20,2009-12-22,Charlotte Bobcats,New York Knicks
2009-12-21,2009-12-23,Milwaukee Bucks,Indiana Pacers
2009-12-21,2009-12-23,Utah Jazz,Orlando Magic
2009-12-21,2009-12-23,Sacramento Kings,Chicago Bulls
2009-12-21,2009-12-23,Los Angeles Clippers,San Antonio Spurs
2009-12-21,2009-12-23,Cleveland Cavaliers,Phoenix Suns
2009-12-22,2009-12-24,Detroit Pistons,Charlotte Bobcats
2009-12-22,2009-12-24,Philadelphia 76ers,Washington Wizards
2009-12-22,2009-12-24,Indiana Pacers,Boston Celtics
2009-12-22,2009-12-24,Chicago Bulls,New York Knicks
2009-12-22,2009-12-24,Golden State Warriors,Memphis Grizzlies
2009-12-22,2009-12-24,Atlanta Hawks,Minnesota Timberwolves
2009-12-22,2009-12-24,Portland Trail Blazers,Dallas Mavericks
2009-12-22,2009-12-24,Los Angeles Clippers,Houston Rockets
2009-12-22,2009-12-24,Oklahoma City Thunder,Los Angeles Lakers
2009-12-23,2009-12-25,Houston Rockets,Orlando Magic
2009-12-23,2009-12-25,Toronto Raptors,Detroit Pistons
2009-12-23,2009-12-25,Utah Jazz,Miami Heat
2009-12-23,2009-12-25,Minnesota Timberwolves,New Jersey Nets
2009-12-23,2009-12-25,Washington Wizards,Milwaukee Bucks
2009-12-23,2009-12-25,Golden State Warriors,New Orleans Hornets
2009-12-23,2009-12-25,Portland Trail Blazers,San Antonio Spurs
2009-12-23,2009-12-25,Atlanta Hawks,Denver Nuggets
2009-12-23,2009-12-25,Oklahoma City Thunder,Phoenix Suns
2009-12-23,2009-12-25,Cleveland Cavaliers,Sacramento Kings
2009-12-25,2009-12-27,Miami Heat,New York Knicks
2009-12-25,2009-12-27,Boston Celtics,Orlando Magic
2009-12-25,2009-12-27,Cleveland Cavaliers,Los Angeles Lakers
2009-12-25,2009-12-27,Los Angeles Clippers,Phoenix Suns
2009-12-25,2009-12-27,Denver Nuggets,Portland Trail Blazers
2009-12-26,2009-12-28,Memphis Grizzlies,Dallas Mavericks
2009-12-26,2009-12-28,Atlanta Hawks,Indiana Pacers
2009-12-26,2009-12-28,Houston Rockets,New Jersey Nets
2009-12-26,2009-12-28,New Orleans Hornets,Chicago Bulls
2009-12-26,2009-12-28,Washington Wizards,Minnesota Timberwolves
2009-12-26,2009-12-28,Charlotte Bobcats,Oklahoma City Thunder
2009-12-26,2009-12-28,San Antonio Spurs,Milwaukee Bucks
2009-12-26,2009-12-28,Philadelphia 76ers,Utah Jazz
2009-12-26,2009-12-28,Los Angeles Lakers,Sacramento Kings
2009-12-26,2009-12-28,Phoenix Suns,Golden State Warriors
2009-12-27,2009-12-29,Detroit Pistons,Toronto Raptors
2009-12-27,2009-12-29,Houston Rockets,Cleveland Cavaliers
2009-12-27,2009-12-29,Indiana Pacers,Miami Heat
2009-12-27,2009-12-29,San Antonio Spurs,New York Knicks
2009-12-27,2009-12-29,Dallas Mavericks,Denver Nuggets
2009-12-27,2009-12-29,Boston Celtics,Los Angeles Clippers
2009-12-28,2009-12-30,Milwaukee Bucks,Charlotte Bobcats
2009-12-28,2009-12-30,Oklahoma City Thunder,New Jersey Nets
2009-12-28,2009-12-30,Washington Wizards,Memphis Grizzlies
2009-12-28,2009-12-30,Los Angeles Lakers,Phoenix Suns
2009-12-28,2009-12-30,Philadelphia 76ers,Portland Trail Blazers
2009-12-28,2009-12-30,Denver Nuggets,Sacramento Kings
2009-12-28,2009-12-30,Boston Celtics,Golden State Warriors
2009-12-29,2009-12-31,Cleveland Cavaliers,Atlanta Hawks
2009-12-29,2009-12-31,Oklahoma City Thunder,Washington Wizards
2009-12-29,2009-12-31,New York Knicks,Detroit Pistons
2009-12-29,2009-12-31,Indiana Pacers,Chicago Bulls
2009-12-29,2009-12-31,New Orleans Hornets,Houston Rockets
2009-12-29,2009-12-31,Minnesota Timberwolves,San Antonio Spurs
2009-12-29,2009-12-31,Golden State Warriors,Los Angeles Lakers
2009-12-30,2010-1-1,Atlanta Hawks,Cleveland Cavaliers
2009-12-30,2010-1-1,Memphis Grizzlies,Indiana Pacers
2009-12-30,2010-1-1,Milwaukee Bucks,Orlando Magic
2009-12-30,2010-1-1,Charlotte Bobcats,Toronto Raptors
2009-12-30,2010-1-1,New York Knicks,New Jersey Nets
2009-12-30,2010-1-1,Utah Jazz,Minnesota Timberwolves
2009-12-30,2010-1-1,Miami Heat,New Orleans Hornets
2009-12-30,2010-1-1,Boston Celtics,Phoenix Suns
2009-12-30,2010-1-1,Los Angeles Clippers,Portland Trail Blazers
2009-12-30,2010-1-1,Philadelphia 76ers,Sacramento Kings
2009-12-31,2010-1-2,Chicago Bulls,Detroit Pistons
2009-12-31,2010-1-2,Dallas Mavericks,Houston Rockets
2009-12-31,2010-1-2,Miami Heat,San Antonio Spurs
2009-12-31,2010-1-2,Utah Jazz,Oklahoma City Thunder
2009-12-31,2010-1-2,Philadelphia 76ers,Los Angeles Clippers
2010-1-1,2010-1-3,New York Knicks,Atlanta Hawks
2010-1-1,2010-1-3,Orlando Magic,Minnesota Timberwolves
2010-1-1,2010-1-3,Sacramento Kings,Los Angeles Lakers
2010-1-2,2010-1-4,Cleveland Cavaliers,New Jersey Nets
2010-1-2,2010-1-4,Charlotte Bobcats,Miami Heat
2010-1-2,2010-1-4,Minnesota Timberwolves,Indiana Pacers
2010-1-2,2010-1-4,San Antonio Spurs,Washington Wizards
2010-1-2,2010-1-4,Toronto Raptors,Boston Celtics
2010-1-2,2010-1-4,Orlando Magic,Chicago Bulls
2010-1-2,2010-1-4,Houston Rockets,New Orleans Hornets
2010-1-2,2010-1-4,Oklahoma City Thunder,Milwaukee Bucks
2010-1-2,2010-1-4,Memphis Grizzlies,Phoenix Suns
2010-1-2,2010-1-4,Denver Nuggets,Utah Jazz
2010-1-2,2010-1-4,Golden State Warriors,Portland Trail Blazers
2010-1-2,2010-1-4,Dallas Mavericks,Sacramento Kings
2010-1-3,2010-1-5,Charlotte Bobcats,Cleveland Cavaliers
2010-1-3,2010-1-5,Indiana Pacers,New York Knicks
2010-1-3,2010-1-5,San Antonio Spurs,Toronto Raptors
2010-1-3,2010-1-5,Philadelphia 76ers,Denver Nuggets
2010-1-3,2010-1-5,Dallas Mavericks,Los Angeles Lakers
2010-1-4,2010-1-6,Atlanta Hawks,Miami Heat
2010-1-4,2010-1-6,Oklahoma City Thunder,Chicago Bulls
2010-1-4,2010-1-6,New Orleans Hornets,Utah Jazz
2010-1-4,2010-1-6,Portland Trail Blazers,Los Angeles Clippers
2010-1-5,2010-1-7,Chicago Bulls,Charlotte Bobcats
2010-1-5,2010-1-7,Orlando Magic,Indiana Pacers
2010-1-5,2010-1-7,Washington Wizards,Philadelphia 76ers
2010-1-5,2010-1-7,Milwaukee Bucks,New Jersey Nets
2010-1-5,2010-1-7,Detroit Pistons,Dallas Mavericks
2010-1-5,2010-1-7,Golden State Warriors,Denver Nuggets
2010-1-5,2010-1-7,Memphis Grizzlies,Portland Trail Blazers
2010-1-5,2010-1-7,Phoenix Suns,Sacramento Kings
2010-1-5,2010-1-7,Houston Rockets,Los Angeles Lakers
2010-1-6,2010-1-8,New Jersey Nets,Atlanta Hawks
2010-1-6,2010-1-8,Washington Wizards,Cleveland Cavaliers
2010-1-6,2010-1-8,Toronto Raptors,Orlando Magic
2010-1-6,2010-1-8,Boston Celtics,Miami Heat
2010-1-6,2010-1-8,Golden State Warriors,Minnesota Timberwolves
2010-1-6,2010-1-8,New Orleans Hornets,Oklahoma City Thunder
2010-1-6,2010-1-8,Detroit Pistons,San Antonio Spurs
2010-1-6,2010-1-8,Houston Rockets,Phoenix Suns
2010-1-6,2010-1-8,Memphis Grizzlies,Utah Jazz
2010-1-6,2010-1-8,Los Angeles Lakers,Los Angeles Clippers
2010-1-7,2010-1-9,Charlotte Bobcats,New York Knicks
2010-1-8,2010-1-10,Toronto Raptors,Philadelphia 76ers
2010-1-8,2010-1-10,Orlando Magic,Washington Wizards
2010-1-8,2010-1-10,Boston Celtics,Atlanta Hawks
2010-1-8,2010-1-10,Utah Jazz,Memphis Grizzlies
2010-1-8,2010-1-10,Indiana Pacers,Minnesota Timberwolves
2010-1-8,2010-1-10,New Jersey Nets,New Orleans Hornets
2010-1-8,2010-1-10,Chicago Bulls,Milwaukee Bucks
2010-1-8,2010-1-10,Dallas Mavericks,San Antonio Spurs
2010-1-8,2010-1-10,Miami Heat,Phoenix Suns
2010-1-8,2010-1-10,Los Angeles Lakers,Portland Trail Blazers
2010-1-8,2010-1-10,Cleveland Cavaliers,Denver Nuggets
2010-1-8,2010-1-10,Sacramento Kings,Golden State Warriors
2010-1-9,2010-1-11,Memphis Grizzlies,Charlotte Bobcats
2010-1-9,2010-1-11,Atlanta Hawks,Orlando Magic
2010-1-9,2010-1-11,Philadelphia 76ers,Detroit Pistons
2010-1-9,2010-1-11,Minnesota Timberwolves,Chicago Bulls
2010-1-9,2010-1-11,Indiana Pacers,Oklahoma City Thunder
2010-1-9,2010-1-11,Utah Jazz,Dallas Mavericks
2010-1-9,2010-1-11,New York Knicks,Houston Rockets
2010-1-9,2010-1-11,Denver Nuggets,Sacramento Kings
2010-1-10,2010-1-12,Boston Celtics,Toronto Raptors
2010-1-10,2010-1-12,New Orleans Hornets,Washington Wizards
2010-1-10,2010-1-12,Miami Heat,Los Angeles Clippers
2010-1-10,2010-1-12,New Jersey Nets,San Antonio Spurs
2010-1-10,2010-1-12,Cleveland Cavaliers,Portland Trail Blazers
2010-1-10,2010-1-12,Milwaukee Bucks,Los Angeles Lakers
2010-1-11,2010-1-13,Toronto Raptors,Indiana Pacers
2010-1-11,2010-1-13,New Orleans Hornets,Philadelphia 76ers
2010-1-11,2010-1-13,Atlanta Hawks,Boston Celtics
2010-1-11,2010-1-13,Detroit Pistons,Chicago Bulls
2010-1-11,2010-1-13,New York Knicks,Oklahoma City Thunder
2010-1-11,2010-1-13,Minnesota Timberwolves,Denver Nuggets
2010-1-11,2010-1-13,Milwaukee Bucks,Phoenix Suns
2010-1-11,2010-1-13,Miami Heat,Utah Jazz
2010-1-11,2010-1-13,Cleveland Cavaliers,Golden State Warriors
2010-1-12,2010-1-14,Houston Rockets,Charlotte Bobcats
2010-1-12,2010-1-14,Detroit Pistons,Washington Wizards
2010-1-12,2010-1-14,Los Angeles Clippers,Memphis Grizzlies
2010-1-12,2010-1-14,Los Angeles Lakers,San Antonio Spurs
2010-1-12,2010-1-14,Orlando Magic,Sacramento Kings
2010-1-13,2010-1-15,Washington Wizards,Atlanta Hawks
2010-1-13,2010-1-15,Phoenix Suns,Indiana Pacers
2010-1-13,2010-1-15,New York Knicks,Philadelphia 76ers
2010-1-13,2010-1-15,Boston Celtics,New Jersey Nets
2010-1-13,2010-1-15,Los Angeles Clippers,New Orleans Hornets
2010-1-13,2010-1-15,San Antonio Spurs,Oklahoma City Thunder
2010-1-13,2010-1-15,Los Angeles Lakers,Dallas Mavericks
2010-1-13,2010-1-15,Minnesota Timberwolves,Houston Rockets
2010-1-13,2010-1-15,Orlando Magic,Denver Nuggets
2010-1-13,2010-1-15,Milwaukee Bucks,Portland Trail Blazers
2010-1-13,2010-1-15,Miami Heat,Golden State Warriors
2010-1-14,2010-1-16,Chicago Bulls,Boston Celtics
2010-1-14,2010-1-16,Cleveland Cavaliers,Utah Jazz
2010-1-15,2010-1-17,San Antonio Spurs,Charlotte Bobcats
2010-1-15,2010-1-17,Sacramento Kings,Philadelphia 76ers
2010-1-15,2010-1-17,Phoenix Suns,Atlanta Hawks
2010-1-15,2010-1-17,Washington Wizards,Chicago Bulls
2010-1-15,2010-1-17,New Orleans Hornets,Detroit Pistons
2010-1-15,2010-1-17,Minnesota Timberwolves,Memphis Grizzlies
2010-1-15,2010-1-17,Indiana Pacers,New Jersey Nets
2010-1-15,2010-1-17,Toronto Raptors,New York Knicks
2010-1-15,2010-1-17,Oklahoma City Thunder,Dallas Mavericks
2010-1-15,2010-1-17,Miami Heat,Houston Rockets
2010-1-15,2010-1-17,Milwaukee Bucks,Golden State Warriors
2010-1-15,2010-1-17,Los Angeles Clippers,Los Angeles Lakers
2010-1-15,2010-1-17,Orlando Magic,Portland Trail Blazers
2010-1-16,2010-1-18,New Orleans Hornets,Indiana Pacers
2010-1-16,2010-1-18,Phoenix Suns,Charlotte Bobcats
2010-1-16,2010-1-18,Sacramento Kings,Washington Wizards
2010-1-16,2010-1-18,New York Knicks,Detroit Pistons
2010-1-16,2010-1-18,San Antonio Spurs,Memphis Grizzlies
2010-1-16,2010-1-18,Miami Heat,Oklahoma City Thunder
2010-1-16,2010-1-18,Milwaukee Bucks,Utah Jazz
2010-1-16,2010-1-18,Cleveland Cavaliers,Los Angeles Clippers
2010-1-17,2010-1-19,Dallas Mavericks,Toronto Raptors
2010-1-17,2010-1-19,Utah Jazz,Denver Nuggets
2010-1-18,2010-1-20,Detroit Pistons,New York Knicks
2010-1-18,2010-1-20,Portland Trail Blazers,Washington Wizards
2010-1-18,2010-1-20,Oklahoma City Thunder,Atlanta Hawks
2010-1-18,2010-1-20,Sacramento Kings,Charlotte Bobcats
2010-1-18,2010-1-20,Milwaukee Bucks,Houston Rockets
2010-1-18,2010-1-20,New Jersey Nets,Los Angeles Clippers
2010-1-18,2010-1-20,Philadelphia 76ers,Minnesota Timberwolves
2010-1-18,2010-1-20,San Antonio Spurs,New Orleans Hornets
2010-1-18,2010-1-20,Chicago Bulls,Golden State Warriors
2010-1-18,2010-1-20,Phoenix Suns,Memphis Grizzlies
2010-1-18,2010-1-20,Dallas Mavericks,Boston Celtics
2010-1-18,2010-1-20,Orlando Magic,Los Angeles Lakers
2010-1-19,2010-1-21,Toronto Raptors,Cleveland Cavaliers
2010-1-19,2010-1-21,Indiana Pacers,Miami Heat
2010-1-20,2010-1-22,Sacramento Kings,Atlanta Hawks
2010-1-20,2010-1-22,Miami Heat,Charlotte Bobcats
2010-1-20,2010-1-22,Indiana Pacers,Orlando Magic
2010-1-20,2010-1-22,Portland Trail Blazers,Philadelphia 76ers
2010-1-20,2010-1-22,Dallas Mavericks,Washington Wizards
2010-1-20,2010-1-22,Boston Celtics,Detroit Pistons
2010-1-20,2010-1-22,Toronto Raptors,Milwaukee Bucks
2010-1-20,2010-1-22,Oklahoma City Thunder,Minnesota Timberwolves
2010-1-20,2010-1-22,Memphis Grizzlies,New Orleans Hornets
2010-1-20,2010-1-22,New Jersey Nets,Phoenix Suns
2010-1-20,2010-1-22,Utah Jazz,San Antonio Spurs
2010-1-20,2010-1-22,Denver Nuggets,Golden State Warriors
2010-1-20,2010-1-22,Chicago Bulls,Los Angeles Clippers
2010-1-21,2010-1-23,Los Angeles Lakers,Cleveland Cavaliers
2010-1-21,2010-1-23,Los Angeles Clippers,Denver Nuggets
2010-1-22,2010-1-24,Sacramento Kings,Orlando Magic
2010-1-22,2010-1-24,Dallas Mavericks,Philadelphia 76ers
2010-1-22,2010-1-24,Milwaukee Bucks,Toronto Raptors
2010-1-22,2010-1-24,Miami Heat,Washington Wizards
2010-1-22,2010-1-24,Charlotte Bobcats,Atlanta Hawks
2010-1-22,2010-1-24,Portland Trail Blazers,Boston Celtics
2010-1-22,2010-1-24,Indiana Pacers,Detroit Pistons
2010-1-22,2010-1-24,Oklahoma City Thunder,Memphis Grizzlies
2010-1-22,2010-1-24,New Orleans Hornets,Minnesota Timberwolves
2010-1-22,2010-1-24,Los Angeles Lakers,New York Knicks
2010-1-22,2010-1-24,Houston Rockets,San Antonio Spurs
2010-1-22,2010-1-24,New Jersey Nets,Golden State Warriors
2010-1-22,2010-1-24,Chicago Bulls,Phoenix Suns
2010-1-23,2010-1-25,Orlando Magic,Charlotte Bobcats
2010-1-23,2010-1-25,Philadelphia 76ers,Indiana Pacers
2010-1-23,2010-1-25,Oklahoma City Thunder,Cleveland Cavaliers
2010-1-23,2010-1-25,Portland Trail Blazers,Detroit Pistons
2010-1-23,2010-1-25,Sacramento Kings,Miami Heat
2010-1-23,2010-1-25,Chicago Bulls,Houston Rockets
2010-1-23,2010-1-25,Minnesota Timberwolves,Milwaukee Bucks
2010-1-23,2010-1-25,New Orleans Hornets,Denver Nuggets
2010-1-23,2010-1-25,Golden State Warriors,Phoenix Suns
2010-1-23,2010-1-25,New Jersey Nets,Utah Jazz
2010-1-24,2010-1-26,Dallas Mavericks,New York Knicks
2010-1-24,2010-1-26,Los Angeles Clippers,Washington Wizards
2010-1-24,2010-1-26,Los Angeles Lakers,Toronto Raptors
2010-1-25,2010-1-27,Indiana Pacers,Philadelphia 76ers
2010-1-25,2010-1-27,Los Angeles Clippers,Boston Celtics
2010-1-25,2010-1-27,Cleveland Cavaliers,Miami Heat
2010-1-25,2010-1-27,Orlando Magic,Memphis Grizzlies
2010-1-25,2010-1-27,Atlanta Hawks,Houston Rockets
2010-1-25,2010-1-27,Chicago Bulls,San Antonio Spurs
2010-1-25,2010-1-27,Charlotte Bobcats,Denver Nuggets
2010-1-25,2010-1-27,Phoenix Suns,Utah Jazz
2010-1-25,2010-1-27,New Orleans Hornets,Portland Trail Blazers
2010-1-26,2010-1-28,Los Angeles Lakers,Washington Wizards
2010-1-26,2010-1-28,Minnesota Timberwolves,New York Knicks
2010-1-26,2010-1-28,Milwaukee Bucks,Dallas Mavericks
2010-1-26,2010-1-28,Charlotte Bobcats,Phoenix Suns
2010-1-26,2010-1-28,Golden State Warriors,Sacramento Kings
2010-1-27,2010-1-29,Minnesota Timberwolves,Cleveland Cavaliers
2010-1-27,2010-1-29,Los Angeles Lakers,Indiana Pacers
2010-1-27,2010-1-29,Miami Heat,Toronto Raptors
2010-1-27,2010-1-29,Memphis Grizzlies,Detroit Pistons
2010-1-27,2010-1-29,Los Angeles Clippers,New Jersey Nets
2010-1-27,2010-1-29,Philadelphia 76ers,Milwaukee Bucks
2010-1-27,2010-1-29,Chicago Bulls,Oklahoma City Thunder
2010-1-27,2010-1-29,Denver Nuggets,Houston Rockets
2010-1-27,2010-1-29,Atlanta Hawks,San Antonio Spurs
2010-1-27,2010-1-29,Utah Jazz,Portland Trail Blazers
2010-1-27,2010-1-29,New Orleans Hornets,Golden State Warriors
2010-1-28,2010-1-30,Toronto Raptors,New York Knicks
2010-1-28,2010-1-30,Boston Celtics,Orlando Magic
2010-1-28,2010-1-30,Dallas Mavericks,Phoenix Suns
2010-1-29,2010-1-31,Cleveland Cavaliers,Indiana Pacers
2010-1-29,2010-1-31,Los Angeles Lakers,Philadelphia 76ers
2010-1-29,2010-1-31,Boston Celtics,Atlanta Hawks
2010-1-29,2010-1-31,Miami Heat,Detroit Pistons
2010-1-29,2010-1-31,Los Angeles Clippers,Minnesota Timberwolves
2010-1-29,2010-1-31,Washington Wizards,New Jersey Nets
2010-1-29,2010-1-31,Chicago Bulls,New Orleans Hornets
2010-1-29,2010-1-31,Denver Nuggets,Oklahoma City Thunder
2010-1-29,2010-1-31,Portland Trail Blazers,Houston Rockets
2010-1-29,2010-1-31,Memphis Grizzlies,San Antonio Spurs
2010-1-29,2010-1-31,Sacramento Kings,Utah Jazz
2010-1-29,2010-1-31,Charlotte Bobcats,Golden State Warriors
2010-1-30,2010-2-1,Atlanta Hawks,Orlando Magic
2010-1-30,2010-2-1,New Orleans Hornets,Memphis Grizzlies
2010-1-30,2010-2-1,New York Knicks,Washington Wizards
2010-1-30,2010-2-1,Miami Heat,Milwaukee Bucks
2010-1-30,2010-2-1,Portland Trail Blazers,Dallas Mavericks
2010-1-30,2010-2-1,Charlotte Bobcats,Sacramento Kings
2010-1-31,2010-2-2,Denver Nuggets,San Antonio Spurs
2010-1-31,2010-2-2,Los Angeles Lakers,Boston Celtics
2010-1-31,2010-2-2,Los Angeles Clippers,Cleveland Cavaliers
2010-1-31,2010-2-2,Orlando Magic,Detroit Pistons
2010-1-31,2010-2-2,Philadelphia 76ers,New Jersey Nets
2010-1-31,2010-2-2,Indiana Pacers,Toronto Raptors
2010-1-31,2010-2-2,Phoenix Suns,Houston Rockets
2010-1-31,2010-2-2,New York Knicks,Minnesota Timberwolves
2010-1-31,2010-2-2,Golden State Warriors,Oklahoma City Thunder
2010-2-1,2010-2-3,Boston Celtics,Washington Wizards
2010-2-1,2010-2-3,Milwaukee Bucks,Miami Heat
2010-2-1,2010-2-3,Los Angeles Lakers,Memphis Grizzlies
2010-2-1,2010-2-3,Phoenix Suns,New Orleans Hornets
2010-2-1,2010-2-3,Sacramento Kings,Denver Nuggets
2010-2-1,2010-2-3,Dallas Mavericks,Utah Jazz
2010-2-1,2010-2-3,Charlotte Bobcats,Portland Trail Blazers
2010-2-2,2010-2-4,Memphis Grizzlies,Cleveland Cavaliers
2010-2-2,2010-2-4,Toronto Raptors,Indiana Pacers
2010-2-2,2010-2-4,Milwaukee Bucks,Orlando Magic
2010-2-2,2010-2-4,Detroit Pistons,New Jersey Nets
2010-2-2,2010-2-4,Los Angeles Clippers,Chicago Bulls
2010-2-2,2010-2-4,Atlanta Hawks,Oklahoma City Thunder
2010-2-2,2010-2-4,Golden State Warriors,Houston Rockets
2010-2-3,2010-2-5,Los Angeles Clippers,Atlanta Hawks
2010-2-3,2010-2-5,Chicago Bulls,Philadelphia 76ers
2010-2-3,2010-2-5,New Jersey Nets,Toronto Raptors
2010-2-3,2010-2-5,Washington Wizards,New York Knicks
2010-2-3,2010-2-5,Miami Heat,Boston Celtics
2010-2-3,2010-2-5,Oklahoma City Thunder,New Orleans Hornets
2010-2-3,2010-2-5,Golden State Warriors,Dallas Mavericks
2010-2-3,2010-2-5,Portland Trail Blazers,Utah Jazz
2010-2-3,2010-2-5,San Antonio Spurs,Sacramento Kings
2010-2-3,2010-2-5,Phoenix Suns,Denver Nuggets
2010-2-3,2010-2-5,Charlotte Bobcats,Los Angeles Lakers
2010-2-4,2010-2-6,Miami Heat,Cleveland Cavaliers
2010-2-4,2010-2-6,San Antonio Spurs,Portland Trail Blazers
2010-2-5,2010-2-7,Detroit Pistons,Indiana Pacers
2010-2-5,2010-2-7,Washington Wizards,Orlando Magic
2010-2-5,2010-2-7,New Jersey Nets,Boston Celtics
2010-2-5,2010-2-7,Milwaukee Bucks,New York Knicks
2010-2-5,2010-2-7,Chicago Bulls,Atlanta Hawks
2010-2-5,2010-2-7,Houston Rockets,Memphis Grizzlies
2010-2-5,2010-2-7,Philadelphia 76ers,New Orleans Hornets
2010-2-5,2010-2-7,Minnesota Timberwolves,Dallas Mavericks
2010-2-5,2010-2-7,Phoenix Suns,Sacramento Kings
2010-2-5,2010-2-7,Denver Nuggets,Los Angeles Lakers
2010-2-6,2010-2-8,New Orleans Hornets,Charlotte Bobcats
2010-2-6,2010-2-8,New York Knicks,Cleveland Cavaliers
2010-2-6,2010-2-8,New Jersey Nets,Detroit Pistons
2010-2-6,2010-2-8,Miami Heat,Chicago Bulls
2010-2-6,2010-2-8,Memphis Grizzlies,Minnesota Timberwolves
2010-2-6,2010-2-8,Philadelphia 76ers,Houston Rockets
2010-2-6,2010-2-8,Indiana Pacers,Milwaukee Bucks
2010-2-6,2010-2-8,Denver Nuggets,Utah Jazz
2010-2-6,2010-2-8,Los Angeles Lakers,Portland Trail Blazers
2010-2-6,2010-2-8,Oklahoma City Thunder,Golden State Warriors
2010-2-6,2010-2-8,San Antonio Spurs,Los Angeles Clippers
2010-2-7,2010-2-9,Sacramento Kings,Toronto Raptors
2010-2-7,2010-2-9,Orlando Magic,Boston Celtics
2010-2-8,2010-2-10,New Orleans Hornets,Orlando Magic
2010-2-8,2010-2-10,Dallas Mavericks,Golden State Warriors
2010-2-8,2010-2-10,San Antonio Spurs,Los Angeles Lakers
2010-2-9,2010-2-11,Washington Wizards,Charlotte Bobcats
2010-2-9,2010-2-11,New Jersey Nets,Cleveland Cavaliers
2010-2-9,2010-2-11,Chicago Bulls,Indiana Pacers
2010-2-9,2010-2-11,Minnesota Timberwolves,Philadelphia 76ers
2010-2-9,2010-2-11,Houston Rockets,Miami Heat
2010-2-9,2010-2-11,Sacramento Kings,New York Knicks
2010-2-9,2010-2-11,Atlanta Hawks,Memphis Grizzlies
2010-2-9,2010-2-11,Detroit Pistons,Milwaukee Bucks
2010-2-9,2010-2-11,Dallas Mavericks,Denver Nuggets
2010-2-9,2010-2-11,Oklahoma City Thunder,Portland Trail Blazers
2010-2-9,2010-2-11,Utah Jazz,Los Angeles Clippers
2010-2-10,2010-2-12,Miami Heat,Atlanta Hawks
2010-2-10,2010-2-12,Philadelphia 76ers,Toronto Raptors
2010-2-10,2010-2-12,Sacramento Kings,Detroit Pistons
2010-2-10,2010-2-12,Milwaukee Bucks,New Jersey Nets
2010-2-10,2010-2-12,Orlando Magic,Chicago Bulls
2010-2-10,2010-2-12,Charlotte Bobcats,Minnesota Timberwolves
2010-2-10,2010-2-12,Boston Celtics,New Orleans Hornets
2010-2-10,2010-2-12,Portland Trail Blazers,Phoenix Suns
2010-2-10,2010-2-12,Los Angeles Lakers,Utah Jazz
2010-2-10,2010-2-12,Los Angeles Clippers,Golden State Warriors
2010-2-11,2010-2-13,Orlando Magic,Cleveland Cavaliers
2010-2-11,2010-2-13,San Antonio Spurs,Denver Nuggets
2010-2-16,2010-2-18,New Jersey Nets,Charlotte Bobcats
2010-2-16,2010-2-18,Miami Heat,Philadelphia 76ers
2010-2-16,2010-2-18,Minnesota Timberwolves,Detroit Pistons
2010-2-16,2010-2-18,New York Knicks,Chicago Bulls
2010-2-16,2010-2-18,Phoenix Suns,Memphis Grizzlies
2010-2-16,2010-2-18,Dallas Mavericks,Oklahoma City Thunder
2010-2-16,2010-2-18,Utah Jazz,Houston Rockets
2010-2-16,2010-2-18,Los Angeles Clippers,Portland Trail Blazers
2010-2-16,2010-2-18,Boston Celtics,Sacramento Kings
2010-2-16,2010-2-18,Golden State Warriors,Los Angeles Lakers
2010-2-17,2010-2-19,San Antonio Spurs,Indiana Pacers
2010-2-17,2010-2-19,Detroit Pistons,Orlando Magic
2010-2-17,2010-2-19,Memphis Grizzlies,Toronto Raptors
2010-2-17,2010-2-19,Minnesota Timberwolves,Washington Wizards
2010-2-17,2010-2-19,Miami Heat,New Jersey Nets
2010-2-17,2010-2-19,Chicago Bulls,New York Knicks
2010-2-17,2010-2-19,Houston Rockets,Milwaukee Bucks
2010-2-17,2010-2-19,Utah Jazz,New Orleans Hornets
2010-2-17,2010-2-19,Phoenix Suns,Dallas Mavericks
2010-2-17,2010-2-19,Sacramento Kings,Golden State Warriors
2010-2-17,2010-2-19,Atlanta Hawks,Los Angeles Clippers
2010-2-18,2010-2-20,Denver Nuggets,Cleveland Cavaliers
2010-2-18,2010-2-20,Boston Celtics,Los Angeles Lakers
2010-2-19,2010-2-21,Cleveland Cavaliers,Charlotte Bobcats
2010-2-19,2010-2-21,San Antonio Spurs,Philadelphia 76ers
2010-2-19,2010-2-21,Denver Nuggets,Washington Wizards
2010-2-19,2010-2-21,Milwaukee Bucks,Detroit Pistons
2010-2-19,2010-2-21,Miami Heat,Memphis Grizzlies
2010-2-19,2010-2-21,Chicago Bulls,Minnesota Timberwolves
2010-2-19,2010-2-21,Toronto Raptors,New Jersey Nets
2010-2-19,2010-2-21,Indiana Pacers,New Orleans Hornets
2010-2-19,2010-2-21,Dallas Mavericks,Orlando Magic
2010-2-19,2010-2-21,Atlanta Hawks,Phoenix Suns
2010-2-19,2010-2-21,Utah Jazz,Golden State Warriors
2010-2-19,2010-2-21,Boston Celtics,Portland Trail Blazers
2010-2-20,2010-2-22,Washington Wizards,Toronto Raptors
2010-2-20,2010-2-22,Oklahoma City Thunder,New York Knicks
2010-2-20,2010-2-22,Philadelphia 76ers,Chicago Bulls
2010-2-20,2010-2-22,Miami Heat,Dallas Mavericks
2010-2-20,2010-2-22,Indiana Pacers,Houston Rockets
2010-2-20,2010-2-22,Charlotte Bobcats,Milwaukee Bucks
2010-2-20,2010-2-22,Sacramento Kings,Los Angeles Clippers
2010-2-21,2010-2-23,Cleveland Cavaliers,Orlando Magic
2010-2-21,2010-2-23,Boston Celtics,Denver Nuggets
2010-2-21,2010-2-23,San Antonio Spurs,Detroit Pistons
2010-2-21,2010-2-23,Memphis Grizzlies,New Jersey Nets
2010-2-21,2010-2-23,Oklahoma City Thunder,Minnesota Timberwolves
2010-2-21,2010-2-23,Houston Rockets,New Orleans Hornets
2010-2-21,2010-2-23,Atlanta Hawks,Golden State Warriors
2010-2-21,2010-2-23,Sacramento Kings,Phoenix Suns
2010-2-21,2010-2-23,Utah Jazz,Portland Trail Blazers
2010-2-22,2010-2-24,Chicago Bulls,Washington Wizards
2010-2-22,2010-2-24,Milwaukee Bucks,New York Knicks
2010-2-22,2010-2-24,Indiana Pacers,Dallas Mavericks
2010-2-22,2010-2-24,Atlanta Hawks,Utah Jazz
2010-2-22,2010-2-24,Charlotte Bobcats,Los Angeles Clippers
2010-2-23,2010-2-25,New Orleans Hornets,Cleveland Cavaliers
2010-2-23,2010-2-25,New York Knicks,Boston Celtics
2010-2-23,2010-2-25,Minnesota Timberwolves,Miami Heat
2010-2-23,2010-2-25,Portland Trail Blazers,New Jersey Nets
2010-2-23,2010-2-25,Los Angeles Lakers,Memphis Grizzlies
2010-2-23,2010-2-25,Phoenix Suns,Oklahoma City Thunder
2010-2-23,2010-2-25,Detroit Pistons,Sacramento Kings
2010-2-23,2010-2-25,Philadelphia 76ers,Golden State Warriors
2010-2-24,2010-2-26,Minnesota Timberwolves,Atlanta Hawks
2010-2-24,2010-2-26,Portland Trail Blazers,Toronto Raptors
2010-2-24,2010-2-26,Memphis Grizzlies,Washington Wizards
2010-2-24,2010-2-26,Indiana Pacers,Chicago Bulls
2010-2-24,2010-2-26,New Orleans Hornets,Milwaukee Bucks
2010-2-24,2010-2-26,Orlando Magic,Houston Rockets
2010-2-24,2010-2-26,Oklahoma City Thunder,San Antonio Spurs
2010-2-24,2010-2-26,Los Angeles Lakers,Dallas Mavericks
2010-2-24,2010-2-26,Philadelphia 76ers,Phoenix Suns
2010-2-24,2010-2-26,Charlotte Bobcats,Utah Jazz
2010-2-24,2010-2-26,Detroit Pistons,Los Angeles Clippers
2010-2-25,2010-2-27,Milwaukee Bucks,Indiana Pacers
2010-2-25,2010-2-27,Cleveland Cavaliers,Boston Celtics
2010-2-25,2010-2-27,Denver Nuggets,Golden State Warriors
2010-2-26,2010-2-28,Dallas Mavericks,Atlanta Hawks
2010-2-26,2010-2-28,Cleveland Cavaliers,Toronto Raptors
2010-2-26,2010-2-28,New York Knicks,Washington Wizards
2010-2-26,2010-2-28,Portland Trail Blazers,Chicago Bulls
2010-2-26,2010-2-28,Charlotte Bobcats,Memphis Grizzlies
2010-2-26,2010-2-28,Minnesota Timberwolves,Oklahoma City Thunder
2010-2-26,2010-2-28,San Antonio Spurs,Houston Rockets
2010-2-26,2010-2-28,Detroit Pistons,Denver Nuggets
2010-2-26,2010-2-28,Los Angeles Clippers,Phoenix Suns
2010-2-26,2010-2-28,Orlando Magic,New Orleans Hornets
2010-2-26,2010-2-28,Utah Jazz,Sacramento Kings
2010-2-26,2010-2-28,Philadelphia 76ers,Los Angeles Lakers
2010-2-27,2010-3-1,New Jersey Nets,Boston Celtics
2010-2-27,2010-3-1,Milwaukee Bucks,Miami Heat
2010-2-27,2010-3-1,Chicago Bulls,Indiana Pacers
2010-2-27,2010-3-1,Memphis Grizzlies,New York Knicks
2010-2-27,2010-3-1,Portland Trail Blazers,Minnesota Timberwolves
2010-2-27,2010-3-1,Houston Rockets,Utah Jazz
2010-2-27,2010-3-1,Detroit Pistons,Golden State Warriors
2010-2-28,2010-3-2,Phoenix Suns,San Antonio Spurs
2010-2-28,2010-3-2,Denver Nuggets,Los Angeles Lakers
2010-2-28,2010-3-2,Milwaukee Bucks,Atlanta Hawks
2010-2-28,2010-3-2,Washington Wizards,New Jersey Nets
2010-2-28,2010-3-2,Toronto Raptors,Oklahoma City Thunder
2010-2-28,2010-3-2,Miami Heat,Orlando Magic
2010-2-28,2010-3-2,Los Angeles Clippers,Sacramento Kings
2010-2-28,2010-3-2,New Orleans Hornets,Dallas Mavericks
2010-3-1,2010-3-3,Dallas Mavericks,Charlotte Bobcats
2010-3-1,2010-3-3,New York Knicks,Cleveland Cavaliers
2010-3-1,2010-3-3,Orlando Magic,Philadelphia 76ers
2010-3-1,2010-3-3,Atlanta Hawks,Chicago Bulls
2010-3-1,2010-3-3,Portland Trail Blazers,Memphis Grizzlies
2010-3-1,2010-3-3,San Antonio Spurs,New Orleans Hornets
2010-3-1,2010-3-3,Toronto Raptors,Houston Rockets
2010-3-1,2010-3-3,Denver Nuggets,Phoenix Suns
2010-3-1,2010-3-3,Utah Jazz,Los Angeles Clippers
2010-3-2,2010-3-4,Boston Celtics,Detroit Pistons
2010-3-2,2010-3-4,Golden State Warriors,Miami Heat
2010-3-2,2010-3-4,Sacramento Kings,Oklahoma City Thunder
2010-3-2,2010-3-4,Indiana Pacers,Los Angeles Lakers
2010-3-3,2010-3-5,Philadelphia 76ers,Atlanta Hawks
2010-3-3,2010-3-5,Golden State Warriors,Orlando Magic
2010-3-3,2010-3-5,Charlotte Bobcats,Boston Celtics
2010-3-3,2010-3-5,Cleveland Cavaliers,New Jersey Nets
2010-3-3,2010-3-5,Detroit Pistons,New York Knicks
2010-3-3,2010-3-5,Washington Wizards,Milwaukee Bucks
2010-3-3,2010-3-5,Memphis Grizzlies,New Orleans Hornets
2010-3-3,2010-3-5,Minnesota Timberwolves,Dallas Mavericks
2010-3-3,2010-3-5,Sacramento Kings,Houston Rockets
2010-3-3,2010-3-5,Oklahoma City Thunder,Denver Nuggets
2010-3-3,2010-3-5,Indiana Pacers,Portland Trail Blazers
2010-3-3,2010-3-5,Phoenix Suns,Los Angeles Clippers
2010-3-4,2010-3-6,Memphis Grizzlies,Chicago Bulls
2010-3-4,2010-3-6,Los Angeles Lakers,Miami Heat
2010-3-4,2010-3-6,Utah Jazz,Phoenix Suns
2010-3-5,2010-3-7,Los Angeles Lakers,Charlotte Bobcats
2010-3-5,2010-3-7,Detroit Pistons,Cleveland Cavaliers
2010-3-5,2010-3-7,Boston Celtics,Philadelphia 76ers
2010-3-5,2010-3-7,New York Knicks,Toronto Raptors
2010-3-5,2010-3-7,Milwaukee Bucks,Washington Wizards
2010-3-5,2010-3-7,Golden State Warriors,Atlanta Hawks
2010-3-5,2010-3-7,Orlando Magic,New Jersey Nets
2010-3-5,2010-3-7,Sacramento Kings,Dallas Mavericks
2010-3-5,2010-3-7,Indiana Pacers,Denver Nuggets
2010-3-5,2010-3-7,New Orleans Hornets,San Antonio Spurs
2010-3-5,2010-3-7,Oklahoma City Thunder,Los Angeles Clippers
2010-3-6,2010-3-8,Golden State Warriors,Charlotte Bobcats
2010-3-6,2010-3-8,Atlanta Hawks,Miami Heat
2010-3-6,2010-3-8,New Jersey Nets,New York Knicks
2010-3-6,2010-3-8,Dallas Mavericks,Chicago Bulls
2010-3-6,2010-3-8,San Antonio Spurs,Memphis Grizzlies
2010-3-6,2010-3-8,Houston Rockets,Minnesota Timberwolves
2010-3-6,2010-3-8,Cleveland Cavaliers,Milwaukee Bucks
2010-3-6,2010-3-8,Indiana Pacers,Phoenix Suns
2010-3-6,2010-3-8,Los Angeles Clippers,Utah Jazz
2010-3-7,2010-3-9,Philadelphia 76ers,Toronto Raptors
2010-3-7,2010-3-9,Los Angeles Lakers,Orlando Magic
2010-3-7,2010-3-9,Houston Rockets,Detroit Pistons
2010-3-7,2010-3-9,Washington Wizards,Boston Celtics
2010-3-7,2010-3-9,Oklahoma City Thunder,Sacramento Kings
2010-3-7,2010-3-9,Portland Trail Blazers,Denver Nuggets
2010-3-8,2010-3-10,San Antonio Spurs,Cleveland Cavaliers
2010-3-8,2010-3-10,Atlanta Hawks,New York Knicks
2010-3-8,2010-3-10,New Jersey Nets,Memphis Grizzlies
2010-3-8,2010-3-10,Dallas Mavericks,Minnesota Timberwolves
2010-3-8,2010-3-10,Golden State Warriors,New Orleans Hornets
2010-3-9,2010-3-11,Miami Heat,Charlotte Bobcats
2010-3-9,2010-3-11,Philadelphia 76ers,Indiana Pacers
2010-3-9,2010-3-11,Los Angeles Clippers,Orlando Magic
2010-3-9,2010-3-11,Houston Rockets,Washington Wizards
2010-3-9,2010-3-11,Utah Jazz,Chicago Bulls
2010-3-9,2010-3-11,Boston Celtics,Milwaukee Bucks
2010-3-9,2010-3-11,Sacramento Kings,Portland Trail Blazers
2010-3-9,2010-3-11,Toronto Raptors,Los Angeles Lakers
2010-3-10,2010-3-12,Charlotte Bobcats,Philadelphia 76ers
2010-3-10,2010-3-12,Memphis Grizzlies,Boston Celtics
2010-3-10,2010-3-12,Utah Jazz,Detroit Pistons
2010-3-10,2010-3-12,Los Angeles Clippers,Miami Heat
2010-3-10,2010-3-12,Denver Nuggets,Minnesota Timberwolves
2010-3-10,2010-3-12,New Orleans Hornets,Oklahoma City Thunder
2010-3-10,2010-3-12,New Jersey Nets,Dallas Mavericks
2010-3-10,2010-3-12,New York Knicks,San Antonio Spurs
2010-3-10,2010-3-12,Toronto Raptors,Sacramento Kings
2010-3-11,2010-3-13,Atlanta Hawks,Washington Wizards
2010-3-11,2010-3-13,Chicago Bulls,Orlando Magic
2010-3-11,2010-3-13,Portland Trail Blazers,Golden State Warriors
2010-3-12,2010-3-14,Los Angeles Clippers,Charlotte Bobcats
2010-3-12,2010-3-14,Cleveland Cavaliers,Philadelphia 76ers
2010-3-12,2010-3-14,Indiana Pacers,Boston Celtics
2010-3-12,2010-3-14,Chicago Bulls,Miami Heat
2010-3-12,2010-3-14,Washington Wizards,Detroit Pistons
2010-3-12,2010-3-14,New York Knicks,Memphis Grizzlies
2010-3-12,2010-3-14,San Antonio Spurs,Minnesota Timberwolves
2010-3-12,2010-3-14,Denver Nuggets,New Orleans Hornets
2010-3-12,2010-3-14,New Jersey Nets,Oklahoma City Thunder
2010-3-12,2010-3-14,Utah Jazz,Milwaukee Bucks
2010-3-12,2010-3-14,Los Angeles Lakers,Phoenix Suns
2010-3-12,2010-3-14,Portland Trail Blazers,Sacramento Kings
2010-3-13,2010-3-15,Detroit Pistons,Atlanta Hawks
2010-3-13,2010-3-15,Orlando Magic,Washington Wizards
2010-3-13,2010-3-15,Denver Nuggets,Memphis Grizzlies
2010-3-13,2010-3-15,New York Knicks,Dallas Mavericks
2010-3-13,2010-3-15,New Jersey Nets,Houston Rockets
2010-3-13,2010-3-15,Los Angeles Clippers,San Antonio Spurs
2010-3-13,2010-3-15,Toronto Raptors,Golden State Warriors
2010-3-14,2010-3-16,Indiana Pacers,Milwaukee Bucks
2010-3-14,2010-3-16,Boston Celtics,Cleveland Cavaliers
2010-3-14,2010-3-16,Philadelphia 76ers,Miami Heat
2010-3-14,2010-3-16,Charlotte Bobcats,Orlando Magic
2010-3-14,2010-3-16,Utah Jazz,Oklahoma City Thunder
2010-3-14,2010-3-16,New Orleans Hornets,Phoenix Suns
2010-3-14,2010-3-16,Toronto Raptors,Portland Trail Blazers
2010-3-14,2010-3-16,Minnesota Timberwolves,Sacramento Kings
2010-3-15,2010-3-17,New York Knicks,Philadelphia 76ers
2010-3-15,2010-3-17,Detroit Pistons,Boston Celtics
2010-3-15,2010-3-17,Denver Nuggets,Houston Rockets
2010-3-15,2010-3-17,Washington Wizards,Utah Jazz
2010-3-15,2010-3-17,Los Angeles Lakers,Golden State Warriors
2010-3-15,2010-3-17,New Orleans Hornets,Los Angeles Clippers
2010-3-16,2010-3-18,Charlotte Bobcats,Indiana Pacers
2010-3-16,2010-3-18,Cleveland Cavaliers,Detroit Pistons
2010-3-16,2010-3-18,San Antonio Spurs,Miami Heat
2010-3-16,2010-3-18,Atlanta Hawks,New Jersey Nets
2010-3-16,2010-3-18,Chicago Bulls,Memphis Grizzlies
2010-3-16,2010-3-18,Washington Wizards,Denver Nuggets
2010-3-16,2010-3-18,Minnesota Timberwolves,Phoenix Suns
2010-3-16,2010-3-18,Los Angeles Lakers,Sacramento Kings
2010-3-17,2010-3-19,Oklahoma City Thunder,Charlotte Bobcats
2010-3-17,2010-3-19,Indiana Pacers,Cleveland Cavaliers
2010-3-17,2010-3-19,New Jersey Nets,Philadelphia 76ers
2010-3-17,2010-3-19,Atlanta Hawks,Toronto Raptors
2010-3-17,2010-3-19,New York Knicks,Boston Celtics
2010-3-17,2010-3-19,San Antonio Spurs,Orlando Magic
2010-3-17,2010-3-19,Chicago Bulls,Dallas Mavericks
2010-3-17,2010-3-19,Memphis Grizzlies,Houston Rockets
2010-3-17,2010-3-19,Minnesota Timberwolves,Utah Jazz
2010-3-17,2010-3-19,New Orleans Hornets,Golden State Warriors
2010-3-17,2010-3-19,Milwaukee Bucks,Los Angeles Clippers
2010-3-18,2010-3-20,Orlando Magic,Miami Heat
2010-3-18,2010-3-20,New Orleans Hornets,Denver Nuggets
2010-3-19,2010-3-21,Detroit Pistons,Indiana Pacers
2010-3-19,2010-3-21,Oklahoma City Thunder,Toronto Raptors
2010-3-19,2010-3-21,Charlotte Bobcats,Atlanta Hawks
2010-3-19,2010-3-21,Philadelphia 76ers,New York Knicks
2010-3-19,2010-3-21,Cleveland Cavaliers,Chicago Bulls
2010-3-19,2010-3-21,Boston Celtics,Houston Rockets
2010-3-19,2010-3-21,Golden State Warriors,San Antonio Spurs
2010-3-19,2010-3-21,Utah Jazz,Phoenix Suns
2010-3-19,2010-3-21,Washington Wizards,Portland Trail Blazers
2010-3-19,2010-3-21,Milwaukee Bucks,Sacramento Kings
2010-3-19,2010-3-21,Minnesota Timberwolves,Los Angeles Lakers
2010-3-20,2010-3-22,Chicago Bulls,Philadelphia 76ers
2010-3-20,2010-3-22,Charlotte Bobcats,Miami Heat
2010-3-20,2010-3-22,Toronto Raptors,New Jersey Nets
2010-3-20,2010-3-22,Golden State Warriors,Memphis Grizzlies
2010-3-20,2010-3-22,Boston Celtics,Dallas Mavericks
2010-3-20,2010-3-22,Milwaukee Bucks,Denver Nuggets
2010-3-20,2010-3-22,New Orleans Hornets,Utah Jazz
2010-3-21,2010-3-23,Houston Rockets,New York Knicks
2010-3-21,2010-3-23,Oklahoma City Thunder,Indiana Pacers
2010-3-21,2010-3-23,Sacramento Kings,Los Angeles Clippers
2010-3-21,2010-3-23,Detroit Pistons,Cleveland Cavaliers
2010-3-21,2010-3-23,San Antonio Spurs,Atlanta Hawks
2010-3-21,2010-3-23,Washington Wizards,Los Angeles Lakers
2010-3-21,2010-3-23,Portland Trail Blazers,Phoenix Suns
2010-3-22,2010-3-24,Orlando Magic,Philadelphia 76ers
2010-3-22,2010-3-24,Miami Heat,New Jersey Nets
2010-3-22,2010-3-24,Houston Rockets,Chicago Bulls
2010-3-22,2010-3-24,Atlanta Hawks,Milwaukee Bucks
2010-3-22,2010-3-24,Toronto Raptors,Minnesota Timberwolves
2010-3-22,2010-3-24,Dallas Mavericks,New Orleans Hornets
2010-3-22,2010-3-24,San Antonio Spurs,Oklahoma City Thunder
2010-3-22,2010-3-24,Boston Celtics,Utah Jazz
2010-3-22,2010-3-24,Memphis Grizzlies,Sacramento Kings
2010-3-22,2010-3-24,Phoenix Suns,Golden State Warriors
2010-3-23,2010-3-25,Charlotte Bobcats,Washington Wizards
2010-3-23,2010-3-25,Indiana Pacers,Detroit Pistons
2010-3-23,2010-3-25,Denver Nuggets,New York Knicks
2010-3-23,2010-3-25,Los Angeles Clippers,Dallas Mavericks
2010-3-24,2010-3-26,Orlando Magic,Atlanta Hawks
2010-3-24,2010-3-26,Denver Nuggets,Boston Celtics
2010-3-24,2010-3-26,Minnesota Timberwolves,Charlotte Bobcats
2010-3-24,2010-3-26,Washington Wizards,Indiana Pacers
2010-3-24,2010-3-26,Utah Jazz,Toronto Raptors
2010-3-24,2010-3-26,Sacramento Kings,New Jersey Nets
2010-3-24,2010-3-26,Philadelphia 76ers,Milwaukee Bucks
2010-3-24,2010-3-26,Cleveland Cavaliers,New Orleans Hornets
2010-3-24,2010-3-26,Houston Rockets,Oklahoma City Thunder
2010-3-24,2010-3-26,Los Angeles Lakers,San Antonio Spurs
2010-3-24,2010-3-26,Memphis Grizzlies,Golden State Warriors
2010-3-25,2010-3-27,Miami Heat,Chicago Bulls
2010-3-25,2010-3-27,Los Angeles Clippers,Houston Rockets
2010-3-25,2010-3-27,Dallas Mavericks,Portland Trail Blazers
2010-3-26,2010-3-28,Washington Wizards,Charlotte Bobcats
2010-3-26,2010-3-28,Utah Jazz,Indiana Pacers
2010-3-26,2010-3-28,Minnesota Timberwolves,Orlando Magic
2010-3-26,2010-3-28,Atlanta Hawks,Philadelphia 76ers
2010-3-26,2010-3-28,Denver Nuggets,Toronto Raptors
2010-3-26,2010-3-28,Sacramento Kings,Boston Celtics
2010-3-26,2010-3-28,Detroit Pistons,New Jersey Nets
2010-3-26,2010-3-28,Los Angeles Lakers,Oklahoma City Thunder
2010-3-26,2010-3-28,Miami Heat,Milwaukee Bucks
2010-3-26,2010-3-28,Cleveland Cavaliers,San Antonio Spurs
2010-3-26,2010-3-28,New York Knicks,Phoenix Suns
2010-3-27,2010-3-29,Utah Jazz,Washington Wizards
2010-3-27,2010-3-29,New Jersey Nets,Chicago Bulls
2010-3-27,2010-3-29,Portland Trail Blazers,New Orleans Hornets
2010-3-27,2010-3-29,Los Angeles Lakers,Houston Rockets
2010-3-27,2010-3-29,Dallas Mavericks,Golden State Warriors
2010-3-28,2010-3-30,Sacramento Kings,Cleveland Cavaliers
2010-3-28,2010-3-30,Memphis Grizzlies,Milwaukee Bucks
2010-3-28,2010-3-30,Indiana Pacers,Atlanta Hawks
2010-3-28,2010-3-30,Chicago Bulls,Detroit Pistons
2010-3-28,2010-3-30,Toronto Raptors,Miami Heat
2010-3-28,2010-3-30,Denver Nuggets,Orlando Magic
2010-3-28,2010-3-30,Phoenix Suns,Minnesota Timberwolves
2010-3-28,2010-3-30,Portland Trail Blazers,Oklahoma City Thunder
2010-3-28,2010-3-30,San Antonio Spurs,Boston Celtics
2010-3-28,2010-3-30,Golden State Warriors,Los Angeles Clippers
2010-3-29,2010-3-31,Toronto Raptors,Charlotte Bobcats
2010-3-29,2010-3-31,San Antonio Spurs,New Jersey Nets
2010-3-29,2010-3-31,Los Angeles Lakers,New Orleans Hornets
2010-3-29,2010-3-31,Denver Nuggets,Dallas Mavericks
2010-3-29,2010-3-31,New York Knicks,Utah Jazz
2010-3-30,2010-4-1,Sacramento Kings,Indiana Pacers
2010-3-30,2010-4-1,Oklahoma City Thunder,Philadelphia 76ers
2010-3-30,2010-4-1,Phoenix Suns,Chicago Bulls
2010-3-30,2010-4-1,Los Angeles Clippers,Milwaukee Bucks
2010-3-30,2010-4-1,Washington Wizards,Houston Rockets
2010-3-31,2010-4-2,Los Angeles Lakers,Atlanta Hawks
2010-3-31,2010-4-2,Philadelphia 76ers,Charlotte Bobcats
2010-3-31,2010-4-2,Milwaukee Bucks,Cleveland Cavaliers
2010-3-31,2010-4-2,Los Angeles Clippers,Toronto Raptors
2010-3-31,2010-4-2,Oklahoma City Thunder,Boston Celtics
2010-3-31,2010-4-2,Miami Heat,Detroit Pistons
2010-3-31,2010-4-2,Phoenix Suns,New Jersey Nets
2010-3-31,2010-4-2,Dallas Mavericks,Memphis Grizzlies
2010-3-31,2010-4-2,Sacramento Kings,Minnesota Timberwolves
2010-3-31,2010-4-2,Washington Wizards,New Orleans Hornets
2010-3-31,2010-4-2,Houston Rockets,San Antonio Spurs
2010-3-31,2010-4-2,New York Knicks,Portland Trail Blazers
2010-3-31,2010-4-2,Golden State Warriors,Utah Jazz
2010-4-1,2010-4-3,Orlando Magic,Dallas Mavericks
2010-4-1,2010-4-3,Portland Trail Blazers,Denver Nuggets
2010-4-2,2010-4-4,Milwaukee Bucks,Charlotte Bobcats
2010-4-2,2010-4-4,Miami Heat,Indiana Pacers
2010-4-2,2010-4-4,Chicago Bulls,Washington Wizards
2010-4-2,2010-4-4,Houston Rockets,Boston Celtics
2010-4-2,2010-4-4,Atlanta Hawks,Cleveland Cavaliers
2010-4-2,2010-4-4,Phoenix Suns,Detroit Pistons
2010-4-2,2010-4-4,New Orleans Hornets,Memphis Grizzlies
2010-4-2,2010-4-4,Orlando Magic,San Antonio Spurs
2010-4-2,2010-4-4,New York Knicks,Golden State Warriors
2010-4-2,2010-4-4,Utah Jazz,Los Angeles Lakers
2010-4-3,2010-4-5,Toronto Raptors,Philadelphia 76ers
2010-4-3,2010-4-5,Detroit Pistons,Atlanta Hawks
2010-4-3,2010-4-5,New Orleans Hornets,New Jersey Nets
2010-4-3,2010-4-5,Charlotte Bobcats,Chicago Bulls
2010-4-3,2010-4-5,Miami Heat,Minnesota Timberwolves
2010-4-3,2010-4-5,Oklahoma City Thunder,Dallas Mavericks
2010-4-3,2010-4-5,Phoenix Suns,Milwaukee Bucks
2010-4-3,2010-4-5,Los Angeles Clippers,Denver Nuggets
2010-4-3,2010-4-5,Portland Trail Blazers,Sacramento Kings
2010-4-4,2010-4-6,Cleveland Cavaliers,Boston Celtics
2010-4-4,2010-4-6,San Antonio Spurs,Los Angeles Lakers
2010-4-4,2010-4-6,Houston Rockets,Indiana Pacers
2010-4-4,2010-4-6,Memphis Grizzlies,Orlando Magic
2010-4-4,2010-4-6,Golden State Warriors,Toronto Raptors
2010-4-4,2010-4-6,New Jersey Nets,Washington Wizards
2010-4-4,2010-4-6,Minnesota Timberwolves,Oklahoma City Thunder
2010-4-4,2010-4-6,New York Knicks,Los Angeles Clippers
2010-4-6,2010-4-8,Atlanta Hawks,Charlotte Bobcats
2010-4-6,2010-4-8,Toronto Raptors,Cleveland Cavaliers
2010-4-6,2010-4-8,Detroit Pistons,Philadelphia 76ers
2010-4-6,2010-4-8,Golden State Warriors,Washington Wizards
2010-4-6,2010-4-8,Boston Celtics,New York Knicks
2010-4-6,2010-4-8,Milwaukee Bucks,Chicago Bulls
2010-4-6,2010-4-8,Houston Rockets,Memphis Grizzlies
2010-4-6,2010-4-8,Oklahoma City Thunder,Utah Jazz
2010-4-6,2010-4-8,San Antonio Spurs,Sacramento Kings
2010-4-7,2010-4-9,New York Knicks,Indiana Pacers
2010-4-7,2010-4-9,Washington Wizards,Orlando Magic
2010-4-7,2010-4-9,Boston Celtics,Toronto Raptors
2010-4-7,2010-4-9,Atlanta Hawks,Detroit Pistons
2010-4-7,2010-4-9,Philadelphia 76ers,Miami Heat
2010-4-7,2010-4-9,Utah Jazz,Houston Rockets
2010-4-7,2010-4-9,New Jersey Nets,Milwaukee Bucks
2010-4-7,2010-4-9,Golden State Warriors,Minnesota Timberwolves
2010-4-7,2010-4-9,Charlotte Bobcats,New Orleans Hornets
2010-4-7,2010-4-9,Denver Nuggets,Oklahoma City Thunder
2010-4-7,2010-4-9,Memphis Grizzlies,Dallas Mavericks
2010-4-7,2010-4-9,Portland Trail Blazers,Los Angeles Clippers
2010-4-7,2010-4-9,San Antonio Spurs,Phoenix Suns
2010-4-8,2010-4-10,Cleveland Cavaliers,Chicago Bulls
2010-4-8,2010-4-10,Los Angeles Clippers,Sacramento Kings
2010-4-8,2010-4-10,Los Angeles Lakers,Denver Nuggets
2010-4-9,2010-4-11,New York Knicks,Orlando Magic
2010-4-9,2010-4-11,Milwaukee Bucks,Philadelphia 76ers
2010-4-9,2010-4-11,Toronto Raptors,Atlanta Hawks
2010-4-9,2010-4-11,Washington Wizards,Boston Celtics
2010-4-9,2010-4-11,Indiana Pacers,Cleveland Cavaliers
2010-4-9,2010-4-11,Detroit Pistons,Miami Heat
2010-4-9,2010-4-11,Los Angeles Lakers,Minnesota Timberwolves
2010-4-9,2010-4-11,Chicago Bulls,New Jersey Nets
2010-4-9,2010-4-11,Utah Jazz,New Orleans Hornets
2010-4-9,2010-4-11,Phoenix Suns,Oklahoma City Thunder
2010-4-9,2010-4-11,Charlotte Bobcats,Houston Rockets
2010-4-9,2010-4-11,Memphis Grizzlies,San Antonio Spurs
2010-4-9,2010-4-11,Dallas Mavericks,Portland Trail Blazers
2010-4-10,2010-4-12,Detroit Pistons,Charlotte Bobcats
2010-4-10,2010-4-12,New Jersey Nets,Indiana Pacers
2010-4-10,2010-4-12,Atlanta Hawks,Washington Wizards
2010-4-10,2010-4-12,Philadelphia 76ers,Memphis Grizzlies
2010-4-10,2010-4-12,Boston Celtics,Milwaukee Bucks
2010-4-10,2010-4-12,San Antonio Spurs,Denver Nuggets
2010-4-10,2010-4-12,Dallas Mavericks,Sacramento Kings
2010-4-10,2010-4-12,Golden State Warriors,Los Angeles Clippers
2010-4-11,2010-4-13,Orlando Magic,Cleveland Cavaliers
2010-4-11,2010-4-13,Portland Trail Blazers,Los Angeles Lakers
2010-4-11,2010-4-13,Miami Heat,New York Knicks
2010-4-11,2010-4-13,Chicago Bulls,Toronto Raptors
2010-4-11,2010-4-13,Minnesota Timberwolves,New Orleans Hornets
2010-4-11,2010-4-13,Oklahoma City Thunder,Golden State Warriors
2010-4-11,2010-4-13,Houston Rockets,Phoenix Suns
2010-4-12,2010-4-14,Orlando Magic,Indiana Pacers
2010-4-12,2010-4-14,Miami Heat,Philadelphia 76ers
2010-4-12,2010-4-14,Toronto Raptors,Detroit Pistons
2010-4-12,2010-4-14,Charlotte Bobcats,New Jersey Nets
2010-4-12,2010-4-14,Washington Wizards,New York Knicks
2010-4-12,2010-4-14,Atlanta Hawks,Milwaukee Bucks
2010-4-12,2010-4-14,Minnesota Timberwolves,San Antonio Spurs
2010-4-12,2010-4-14,Memphis Grizzlies,Denver Nuggets
2010-4-12,2010-4-14,Oklahoma City Thunder,Portland Trail Blazers
2010-4-12,2010-4-14,Houston Rockets,Sacramento Kings
2010-4-12,2010-4-14,Dallas Mavericks,Los Angeles Clippers
2010-4-13,2010-4-15,Boston Celtics,Chicago Bulls
2010-4-13,2010-4-15,Utah Jazz,Golden State Warriors
2010-4-13,2010-4-15,Sacramento Kings,Los Angeles Lakers
2010-4-13,2010-4-15,Denver Nuggets,Phoenix Suns
2010-4-14,2010-4-16,Cleveland Cavaliers,Atlanta Hawks
2010-4-14,2010-4-16,Milwaukee Bucks,Boston Celtics
2010-4-14,2010-4-16,Chicago Bulls,Charlotte Bobcats
2010-4-14,2010-4-16,San Antonio Spurs,Dallas Mavericks
2010-4-14,2010-4-16,New Orleans Hornets,Houston Rockets
2010-4-14,2010-4-16,New Jersey Nets,Miami Heat
2010-4-14,2010-4-16,Detroit Pistons,Minnesota Timberwolves
2010-4-14,2010-4-16,Memphis Grizzlies,Oklahoma City Thunder
2010-4-14,2010-4-16,Philadelphia 76ers,Orlando Magic
2010-4-14,2010-4-16,New York Knicks,Toronto Raptors
2010-4-14,2010-4-16,Indiana Pacers,Washington Wizards
2010-4-14,2010-4-16,Los Angeles Lakers,Los Angeles Clippers
2010-4-14,2010-4-16,Golden State Warriors,Portland Trail Blazers
2010-4-14,2010-4-16,Phoenix Suns,Utah Jazz
2010-4-17,2010-4-19,Chicago Bulls,Cleveland Cavaliers
2010-4-17,2010-4-19,Milwaukee Bucks,Atlanta Hawks
2010-4-17,2010-4-19,Miami Heat,Boston Celtics
2010-4-17,2010-4-19,Utah Jazz,Denver Nuggets
2010-4-18,2010-4-20,Oklahoma City Thunder,Los Angeles Lakers
2010-4-18,2010-4-20,Charlotte Bobcats,Orlando Magic
2010-4-18,2010-4-20,San Antonio Spurs,Dallas Mavericks
2010-4-18,2010-4-20,Portland Trail Blazers,Phoenix Suns
2010-4-19,2010-4-21,Chicago Bulls,Cleveland Cavaliers
2010-4-19,2010-4-21,Utah Jazz,Denver Nuggets
2010-4-20,2010-4-22,Milwaukee Bucks,Atlanta Hawks
2010-4-20,2010-4-22,Miami Heat,Boston Celtics
2010-4-20,2010-4-22,Portland Trail Blazers,Phoenix Suns
2010-4-20,2010-4-22,Oklahoma City Thunder,Los Angeles Lakers
2010-4-21,2010-4-23,Charlotte Bobcats,Orlando Magic
2010-4-21,2010-4-23,San Antonio Spurs,Dallas Mavericks
2010-4-22,2010-4-24,Cleveland Cavaliers,Chicago Bulls
2010-4-22,2010-4-24,Los Angeles Lakers,Oklahoma City Thunder
2010-4-22,2010-4-24,Phoenix Suns,Portland Trail Blazers
2010-4-23,2010-4-25,Boston Celtics,Miami Heat
2010-4-23,2010-4-25,Dallas Mavericks,San Antonio Spurs
2010-4-23,2010-4-25,Denver Nuggets,Utah Jazz
2010-4-24,2010-4-26,Orlando Magic,Charlotte Bobcats
2010-4-24,2010-4-26,Phoenix Suns,Portland Trail Blazers
2010-4-24,2010-4-26,Atlanta Hawks,Milwaukee Bucks
2010-4-24,2010-4-26,Los Angeles Lakers,Oklahoma City Thunder
2010-4-25,2010-4-27,Boston Celtics,Miami Heat
2010-4-25,2010-4-27,Cleveland Cavaliers,Chicago Bulls
2010-4-25,2010-4-27,Dallas Mavericks,San Antonio Spurs
2010-4-25,2010-4-27,Denver Nuggets,Utah Jazz
2010-4-26,2010-4-28,Orlando Magic,Charlotte Bobcats
2010-4-26,2010-4-28,Atlanta Hawks,Milwaukee Bucks
2010-4-26,2010-4-28,Portland Trail Blazers,Phoenix Suns
2010-4-27,2010-4-29,Miami Heat,Boston Celtics
2010-4-27,2010-4-29,Chicago Bulls,Cleveland Cavaliers
2010-4-27,2010-4-29,San Antonio Spurs,Dallas Mavericks
2010-4-27,2010-4-29,Oklahoma City Thunder,Los Angeles Lakers
2010-4-28,2010-4-30,Milwaukee Bucks,Atlanta Hawks
2010-4-28,2010-4-30,Utah Jazz,Denver Nuggets
2010-4-29,2010-5-1,Dallas Mavericks,San Antonio Spurs
2010-4-29,2010-5-1,Phoenix Suns,Portland Trail Blazers
2010-4-30,2010-5-2,Atlanta Hawks,Milwaukee Bucks
2010-4-30,2010-5-2,Los Angeles Lakers,Oklahoma City Thunder
2010-4-30,2010-5-2,Denver Nuggets,Utah Jazz
2010-5-1,2010-5-3,Boston Celtics,Cleveland Cavaliers
2010-5-2,2010-5-4,Milwaukee Bucks,Atlanta Hawks
2010-5-2,2010-5-4,Utah Jazz,Los Angeles Lakers
2010-5-3,2010-5-5,Boston Celtics,Cleveland Cavaliers
2010-5-3,2010-5-5,San Antonio Spurs,Phoenix Suns
2010-5-4,2010-5-6,Atlanta Hawks,Orlando Magic
2010-5-4,2010-5-6,Utah Jazz,Los Angeles Lakers
2010-5-5,2010-5-7,San Antonio Spurs,Phoenix Suns
2010-5-6,2010-5-8,Atlanta Hawks,Orlando Magic
2010-5-7,2010-5-9,Cleveland Cavaliers,Boston Celtics
2010-5-7,2010-5-9,Phoenix Suns,San Antonio Spurs
2010-5-8,2010-5-10,Orlando Magic,Atlanta Hawks
2010-5-8,2010-5-10,Los Angeles Lakers,Utah Jazz
2010-5-9,2010-5-11,Cleveland Cavaliers,Boston Celtics
2010-5-9,2010-5-11,Phoenix Suns,San Antonio Spurs
2010-5-10,2010-5-12,Orlando Magic,Atlanta Hawks
2010-5-10,2010-5-12,Los Angeles Lakers,Utah Jazz
2010-5-11,2010-5-13,Boston Celtics,Cleveland Cavaliers
2010-5-13,2010-5-15,Cleveland Cavaliers,Boston Celtics
2010-5-16,2010-5-18,Boston Celtics,Orlando Magic
2010-5-17,2010-5-19,Phoenix Suns,Los Angeles Lakers
2010-5-18,2010-5-20,Boston Celtics,Orlando Magic
2010-5-19,2010-5-21,Phoenix Suns,Los Angeles Lakers
2010-5-22,2010-5-24,Orlando Magic,Boston Celtics
2010-5-23,2010-5-25,Los Angeles Lakers,Phoenix Suns
2010-5-24,2010-5-26,Orlando Magic,Boston Celtics
2010-5-25,2010-5-27,Los Angeles Lakers,Phoenix Suns
2010-5-26,2010-5-28,Boston Celtics,Orlando Magic
2010-5-27,2010-5-29,Phoenix Suns,Los Angeles Lakers
2010-5-28,2010-5-30,Orlando Magic,Boston Celtics
2010-5-29,2010-5-31,Los Angeles Lakers,Phoenix Suns
2010-6-3,2010-6-5,Boston Celtics,Los Angeles Lakers
2010-6-6,2010-6-8,Boston Celtics,Los Angeles Lakers
2010-6-8,2010-6-10,Los Angeles Lakers,Boston Celtics
2010-6-10,2010-6-12,Los Angeles Lakers,Boston Celtics
2010-6-13,2010-6-15,Los Angeles Lakers,Boston Celtics
2010-6-15,2010-6-17,Boston Celtics,Los Angeles Lakers
2010-6-17,2010-6-19,Boston Celtics,Los Angeles Lakers